source_unique_id,target_unique_id,source_id,target_id,relation_class,year
1980_4119eadae57c2e0e2a774ca13a279459,1980_ec6a3a721f8001c5d0ae398b0d24791a,T27,T26,Support,1980
1980_2e197446d55c944e7a5d6b8bf4f11e8a,1980_092dbb8c64e4507625ea34c91b9daf75,T29,T28,Support,1980
1980_f26ad211a0b5c18a8b9ba1a31879218c,1980_08da02e07a907dad31bb1205128c19e3,T35,T34,Support,1980
1980_d94f1e30e460e3e4b30079512febdfa3,1980_c2f28aaba54c5d2a4a71f1f67d9edcd3,T42,T40,Support,1980
1980_bdcbe8e98ec68c6da4c16d06c824ac93,1980_c2f28aaba54c5d2a4a71f1f67d9edcd3,T43,T40,Support,1980
1980_1226f5ba109bb8d83c54928bad37248d,1980_c2f28aaba54c5d2a4a71f1f67d9edcd3,T41,T40,Support,1980
1980_8a4b419577b672eeadb26a2f5f7c1d90,1980_8e2f76162322986140225f6efcab9ac6,T32,T31,Support,1980
1980_b5d61032895e709059c33a4a79ccca4e,1980_60477b22d86bc47ba3bfa410332fe20f,T38,T37,Support,1980
1980_98fe31f75c65b7da009714a1348bbc63,1980_08da02e07a907dad31bb1205128c19e3,T44,T34,Support,1980
1980_800020c76e7bf8fdc5b8aff34bc47b80,1980_578a1bd879e067e56b9aa025cc59a4cb,T52,T53,Support,1980
1980_800020c76e7bf8fdc5b8aff34bc47b80,1980_fc9052b40c12d6be058e5e394a6266d2,T52,T54,Support,1980
1980_800020c76e7bf8fdc5b8aff34bc47b80,1980_3c0d6c582d9ee5d5802cdc4878960e0e,T52,T49,Support,1980
1980_974d10d4e8031d12f47469589e26d2c9,1980_7b703197f9bdf42901e233791fc67515,T46,T45,Support,1980
1980_7b703197f9bdf42901e233791fc67515,1980_8b7c040ef11bc4d4830219024bfb3e2b,T45,T47,Support,1980
1980_c2f28aaba54c5d2a4a71f1f67d9edcd3,1980_092dbb8c64e4507625ea34c91b9daf75,T40,T28,Support,1980
1980_8e2f76162322986140225f6efcab9ac6,1980_aeea113bf496d7763113210157762247,T31,T33,Support,1980
1980_4e3b33116046369f903b3fa5c79607ca,1980_4a5c00a1c135acb954f959881781bc64,T56,T55,Support,1980
1980_ff46bf7c9d1d6f4f053aa6237d8e2fe8,1980_4a5c00a1c135acb954f959881781bc64,T57,T55,Support,1980
1980_4a5c00a1c135acb954f959881781bc64,1980_22208825f820982667d379c9393c5dbe,T55,T51,Support,1980
1980_22208825f820982667d379c9393c5dbe,1980_f48ae0e7f607c5fd779e32d07eabc471,T51,T3,Support,1980
1980_004713e46555ea4d5ebbf49af37544c9,1980_50f271c93ca33b84eeda84b1a37b481b,T62,T61,Support,1980
1980_678cc995c15fe145158ff4e08a0463c3,1980_e81065ada2798fbea5e3760c8257d598,T48,T59,Support,1980
1980_c8be6771305518c4e762a6089f283f6c,1980_e81065ada2798fbea5e3760c8257d598,T60,T59,Support,1980
1980_7a7b951ca2350e5a7e16e2043b5c1a9e,1980_e49302f695c17097d78f3d8584467ece,T68,T69,Support,1980
1980_b7f5fb5b9f59f5047355657f60760c48,1980_dbbf6e0b57a2ca65874a5bbf2e937268,T65,T64,Support,1980
1980_3a6e80a86374a9d4f92e270a9cbe448d,1980_cc0dedcac70d124b43a677a76a6141c1,T73,T70,Support,1980
1980_73a000c8646a0ba5c2095cb4346d3321,1980_cc0dedcac70d124b43a677a76a6141c1,T72,T70,Support,1980
1980_2784ae2dc96c88f41e13b4c5f9ad313a,1980_eaf98324ce13e6f0f28677c944f233ff,T76,T75,Support,1980
1980_a0527f2b8b43dd48c1750876a39391df,1980_2784ae2dc96c88f41e13b4c5f9ad313a,T77,T76,Support,1980
1980_c2337c4faaf19e06a8031965043d3aa0,1980_57d838ceabb014ebd3fbd10b0e872bae,T80,T79,Support,1980
1980_2f3844e23a5372a5b8af40763a3abd87,1980_834873f9da99671e63344f7491ea7aa3,T89,T90,Support,1980
1980_d61c725ee2220f62303c0038ca96e480,1980_a2b075bc7cafc4f7c003225f8fb24695,T97,T96,Support,1980
1980_6359422b5fc4e6cb3940041218c61ea7,1980_a2b075bc7cafc4f7c003225f8fb24695,T98,T96,Support,1980
1980_36b6f3a9248ae61bfa945f29eb2f65d1,1980_4aa178ba46d7ffe6346bb9364e521cc3,T92,T91,Support,1980
1980_cee7707f42475f7435eec464cf5c0c99,1980_5dbce3fbff7f43652813d2f4987a7f35,T93,T95,Support,1980
1980_4aa178ba46d7ffe6346bb9364e521cc3,1980_5dbce3fbff7f43652813d2f4987a7f35,T91,T95,Support,1980
1980_7d330ee5e1aa72dcd3d0b3865d1811ad,1980_5dbce3fbff7f43652813d2f4987a7f35,T94,T95,Support,1980
1980_d92957de66e63021757af7a53781d186,1980_57d838ceabb014ebd3fbd10b0e872bae,T82,T79,Support,1980
1980_2d723a3fc9a4b9429a6498699ecf3d84,1980_690ea5c1a794d8f5602a1db115ddc872,T83,T5,Support,1980
1980_e3fbe186ed12104a355c38588e8f8c84,1980_690ea5c1a794d8f5602a1db115ddc872,T84,T5,Support,1980
1980_9dfa4910d04816b4c0a37b421630cef8,1980_690ea5c1a794d8f5602a1db115ddc872,T85,T5,Support,1980
1980_073139d842100899871d2e91f31a85a6,1980_690ea5c1a794d8f5602a1db115ddc872,T86,T5,Support,1980
1980_d2d66dedfa890c4eaf746772a1bdcbef,1980_690ea5c1a794d8f5602a1db115ddc872,T87,T5,Support,1980
1980_dd89d45e227444702dc68cd534b496ad,1980_690ea5c1a794d8f5602a1db115ddc872,T88,T5,Support,1980
1980_f775c586654a33ae262e4e73f9f57b50,1980_cc0dedcac70d124b43a677a76a6141c1,T74,T70,Support,1980
1980_22d688dfa9cb853f59d6f6d89301d16d,1980_506f66dbb6fec91d9fa2bfa11f7cccb0,T67,T66,Support,1980
1980_733679c341433ed76a00fd299700e031,1980_2a80cf5353072d04643209a8ca59b3b7,T157,T156,Support,1980
1980_5aec9976b3fd2f23bfe0d186181fcd78,1980_733679c341433ed76a00fd299700e031,T158,T157,Support,1980
1980_dd1f1bab9efc628154b37c17a1b518fe,1980_5aec9976b3fd2f23bfe0d186181fcd78,T159,T158,Support,1980
1980_02151fb0cb9f512b8cfa6fca8460a7d8,1980_66119c7ac46be6fcca05d2ec865e19d6,T162,T1,Support,1980
1980_a99f1c80c7fb3f096e22a93c3ec95ab0,1980_4102589f6f80b0742a4d1a180f9aea68,T165,T164,Support,1980
1980_66119c7ac46be6fcca05d2ec865e19d6,1980_21ee8dad1246d8a0be217c7d553beef6,T1,T174,Support,1980
1980_4102589f6f80b0742a4d1a180f9aea68,1980_21ee8dad1246d8a0be217c7d553beef6,T164,T174,Support,1980
1980_2b647bcede49f0800e8d0f43b8349745,1980_2b79ab36b0482da83215145b0316f944,T169,T168,Support,1980
1980_126612c49c4e45ff5d3feee10062e6af,1980_2b79ab36b0482da83215145b0316f944,T170,T168,Support,1980
1980_cfd8b47069deb4106efbe7f54490a36a,1980_2b79ab36b0482da83215145b0316f944,T171,T168,Support,1980
1980_2b79ab36b0482da83215145b0316f944,1980_74461f42c6156d59033b31c6304d63a9,T168,T166,Support,1980
1980_656aaef133cf6eccb01e17c6a8d4faec,1980_74461f42c6156d59033b31c6304d63a9,T172,T166,Support,1980
1980_a3b16e885af86a31fee543bbd244d9de,1980_5382aa12abe94e1b122712b7480e0117,T3,T2,Support,1980
1980_5382aa12abe94e1b122712b7480e0117,1980_74461f42c6156d59033b31c6304d63a9,T2,T166,Support,1980
1980_c1766bf6b327aa3e2549febfcdf328e6,1980_d4742984c0180ae1ef77e9c0f8bae224,T177,T175,Support,1980
1980_da0da305ce6a4bf42d68cae7c6387f30,1980_d4742984c0180ae1ef77e9c0f8bae224,T176,T175,Support,1980
1980_c41b419f7ddf057ed06530de0b2e1e42,1980_d4742984c0180ae1ef77e9c0f8bae224,T4,T175,Support,1980
1980_177d86bf12331fabaa7cd6a60bd135d6,1980_c41b419f7ddf057ed06530de0b2e1e42,T181,T4,Support,1980
1980_59f9444043efe54ec0c1e8dc01b4b5b8,1980_b9d6f44478daf2a3e14c1a466bb5c6b3,T185,T178,Support,1980
1980_a522ad6bc614e587a3f9adf6cb2e2b65,1980_59f9444043efe54ec0c1e8dc01b4b5b8,T188,T185,Support,1980
1980_4c06b7478c565d8eff6f3f541fda166a,1980_4f9e9afa172696a7992640037568b29b,T189,T183,Support,1980
1980_0b4744ebfb58253df92be1c8fa266862,1980_a2785aa85cb748fbc73889825171f049,T190,T191,Support,1980
1980_eb072cee7189e601a5b800fca6477d4c,1980_a2785aa85cb748fbc73889825171f049,T184,T191,Support,1980
1980_4f9e9afa172696a7992640037568b29b,1980_a2785aa85cb748fbc73889825171f049,T183,T191,Support,1980
1980_93be03ac09767fc91ff782ab0e665790,1980_f4a125f68c5a79578d0fa2e16fd186ea,T187,T186,Support,1980
1980_538fc55ba4b239c043c4bfac91467273,1980_93be03ac09767fc91ff782ab0e665790,T5,T187,Support,1980
1980_0b4744ebfb58253df92be1c8fa266862,1980_136ed22329ff4bd74d20970bb92c1877,T190,T6,Support,1980
1980_7f8bd9e4d3dc7f88b70a0dcf4039a659,1980_525ca52f28ca54b684dd88de3dd8668a,T195,T194,Support,1980
1980_5de83ec389551bfb1ca07b6003801ffe,1980_4b827f90893abc5303503a7cc42c1486,T198,T197,Support,1980
1980_5de83ec389551bfb1ca07b6003801ffe,1980_68163c635fec999042d8b7753b6499d6,T198,T200,Support,1980
1980_60e42e2c3bce2cfb6dc58bd5d5d64379,1980_68163c635fec999042d8b7753b6499d6,T199,T200,Support,1980
1980_a9f47128a62aa91b69ffacabd578ea7d,1980_f20b1e0e8eca223f48055d7d6581aceb,T204,T205,Support,1980
1980_f20b1e0e8eca223f48055d7d6581aceb,1980_4eb5a005660c21a029a3f8b526d28567,T205,T203,Support,1980
1980_cebafe7b3255157e03a7d88d0279cfca,1980_ec3c9704ae81314db83314a4e560ad61,T209,T210,Support,1980
1980_bc639a3431f38e5d5a3d94aa46d06791,1980_5a45ef3b47899becb927a6da155385af,T213,T212,Support,1980
1980_b8916e7a214db9bd642e7900ccc07224,1980_5a45ef3b47899becb927a6da155385af,T214,T212,Support,1980
1980_40b7c9eceab43dc97dbf8f7f4bd92e28,1980_5a45ef3b47899becb927a6da155385af,T215,T212,Support,1980
1980_ec3c9704ae81314db83314a4e560ad61,1980_828082d2f99d27386e5dc4128cbcb20e,T210,T211,Support,1980
1980_5a45ef3b47899becb927a6da155385af,1980_828082d2f99d27386e5dc4128cbcb20e,T212,T211,Support,1980
1980_6ff9ecbf450e737985f1a3f96bfacf28,1980_828082d2f99d27386e5dc4128cbcb20e,T207,T211,Support,1980
1980_4b6408f43c1e594a69d11ad02dd6a9de,1980_191ed0b9d50dfc6d9f4e9dceede0b7ba,T6,T4,Support,1980
1980_752a2050c3947b314894f236f6bbe3eb,1980_e72e59cb9cbc3dc729e732aece989443,T12,T11,Support,1980
1980_2ccdc91d1ac3eb6c908ae01ac271f56f,1980_e89218da20d62dbc1699b5d0376806cf,T13,T10,Support,1980
1980_a7f09fc1504556372503a75c855aa206,1980_6a4473cf1ce68d91a7de5516cb07ad58,T7,T5,Support,1980
1980_e72e59cb9cbc3dc729e732aece989443,1980_6a4473cf1ce68d91a7de5516cb07ad58,T11,T5,Support,1980
1980_4b6408f43c1e594a69d11ad02dd6a9de,1980_98c287325bb0d11c106ec10a67c3cf64,T6,T8,Support,1980
1980_98c287325bb0d11c106ec10a67c3cf64,1980_6a4473cf1ce68d91a7de5516cb07ad58,T8,T5,Support,1980
1980_e72e59cb9cbc3dc729e732aece989443,1980_01a9d8539fda3baa2c38d43eb6240380,T11,T9,Support,1980
1980_2ccdc91d1ac3eb6c908ae01ac271f56f,1980_01a9d8539fda3baa2c38d43eb6240380,T13,T9,Support,1980
1980_e89218da20d62dbc1699b5d0376806cf,1980_01a9d8539fda3baa2c38d43eb6240380,T10,T9,Support,1980
1980_01a9d8539fda3baa2c38d43eb6240380,1980_fe14f5da5a77f1fe7c115edd65f6a3a2,T9,T29,Support,1980
1980_e006b759dada6ea6fd0314f56c4e58b0,1980_a40b78176136ff6df5aa062c336106f0,T16,T15,Support,1980
1980_90cce831d523c938b71dc032e7cfc8ff,1980_ae28636ab4f7f6c8e96bdae93b7653c9,T19,T18,Support,1980
1980_ae28636ab4f7f6c8e96bdae93b7653c9,1980_cc5a14e354c76fb78dde1d706f6a9b1f,T18,T20,Support,1980
1980_f48a8e37738c1bee93e5a35909b4c8d3,1980_cc5a14e354c76fb78dde1d706f6a9b1f,T21,T20,Support,1980
1980_2f84352a5c04f39be1b4d98a1158308f,1980_cc5a14e354c76fb78dde1d706f6a9b1f,T22,T20,Support,1980
1980_45b6120f504667e8c2c011dc3f973723,1980_cc5a14e354c76fb78dde1d706f6a9b1f,T23,T20,Support,1980
1980_d201cd7faeffc22871af9007a6a91eeb,1980_cc5a14e354c76fb78dde1d706f6a9b1f,T24,T20,Support,1980
1980_528b48b857388713e200eed2cc38494d,1980_f61eceb92eb7841c450b546fc7a3d05c,T25,T31,Support,1980
1980_7f95664ffe211ad475fb571e641caa48,1980_d38565dc19d142362ea76f9a6071ce83,T101,T100,Support,1980
1980_6a39c70e719b090a2155827d82696612,1980_7f95664ffe211ad475fb571e641caa48,T102,T101,Support,1980
1980_cb2ecf165cb5b827c812b7cf6be5e017,1980_701600069264a0fc5f94eb1040601a05,T33,T26,Support,1980
1980_e8e4bb320a70ccbf991c99b4ca3d9f2b,1980_cb2ecf165cb5b827c812b7cf6be5e017,T32,T33,Support,1980
1980_d22c52c1e1d3e8e917620cb5a1453f3e,1980_b994053f409dc3c9a8c98447526cfe69,T105,T104,Support,1980
1980_47c891004595c0f8a49e779fc8e2bed4,1980_b994053f409dc3c9a8c98447526cfe69,T106,T104,Support,1980
1980_2aebbb5dcb5040a5c4e6be294b3c41c5,1980_2be38661fd87ae3c80ec125a288199a3,T122,T27,Attack,1980
1980_2aebbb5dcb5040a5c4e6be294b3c41c5,1980_0c8b823a1440390df43b6f24b0d0db13,T122,T112,Attack,1980
1980_c7efde7fd2851915e76030f8f2787aeb,1980_a40b78176136ff6df5aa062c336106f0,T127,T15,Attack,1980
1980_d8431101a12ce397fd93bf5d84b518d2,1980_a40b78176136ff6df5aa062c336106f0,T128,T15,Attack,1980
1980_d3bae0a1fbebda1fd1e52f4845439a7c,1980_11e1c120e66088706e4dce186fe885bc,T133,T132,Support,1980
1980_cb2ecf165cb5b827c812b7cf6be5e017,1980_b128865ab652093c8e675d44e3b0f898,T33,T35,Support,1980
1980_f4faeeafdc1349ab41525012fc74c82f,1980_a440d23fb48b62d6923fbf80beb2ae3c,T119,T118,Support,1980
1980_4008803a77ea50932bec861f1504c538,1980_11e1c120e66088706e4dce186fe885bc,T134,T132,Support,1980
1980_4008803a77ea50932bec861f1504c538,1980_f4faeeafdc1349ab41525012fc74c82f,T134,T119,Support,1980
1980_0ca98f2154f658313fbb32e09050deb1,1980_3b8f6551360667051c2d22dbba515c75,T135,T107,Attack,1980
1980_11e1c120e66088706e4dce186fe885bc,1980_216d706e4f9b827beb014ce2da7323bd,T132,T131,Support,1980
1980_cea6fa20d7fef6b5b6ec50c3d2f36182,1980_5a5ee29ce48a11f6afec569e6b9872b8,T121,T120,Support,1980
1980_e9c712c46c57ad48e5f73e19341385a6,1980_f4faeeafdc1349ab41525012fc74c82f,T136,T119,Support,1980
1980_624eb4abfadef9e62429088beab13389,1980_e9c712c46c57ad48e5f73e19341385a6,T137,T136,Support,1980
1980_c37a6decf3482929d6e3a7b6cbb6e292,1980_e9c712c46c57ad48e5f73e19341385a6,T138,T136,Support,1980
1980_e9c712c46c57ad48e5f73e19341385a6,1980_522337137fc418d14cb20973c55987d0,T136,T139,Support,1980
1980_522337137fc418d14cb20973c55987d0,1980_944f918116351529900e26c8af277836,T139,T140,Support,1980
1980_74973881c77be87d36e08e2aa71f6c35,1980_2ecd92f8733794aba8be521b79fc81d8,T142,T141,Support,1980
1980_944f918116351529900e26c8af277836,1980_2ecd92f8733794aba8be521b79fc81d8,T140,T141,Support,1980
1980_c31a32e7fd0335951d14fd3e08452d90,1980_74973881c77be87d36e08e2aa71f6c35,T143,T142,Support,1980
1980_ae28636ab4f7f6c8e96bdae93b7653c9,1980_49872ab93fa1f6e8d4c6de875c322c9e,T18,T144,Support,1980
1980_c31e4529a7ea903822b76fda523b570a,1980_af0eeb802a191df2cfb98791c363329c,T148,T147,Support,1980
1980_af0eeb802a191df2cfb98791c363329c,1980_912765f2aecced807d3514e81a0915f1,T147,T146,Support,1980
1980_49872ab93fa1f6e8d4c6de875c322c9e,1980_216d706e4f9b827beb014ce2da7323bd,T144,T131,Attack,1980
1980_4c771e54c5e540496299a94a5f5b5747,1980_49872ab93fa1f6e8d4c6de875c322c9e,T145,T144,Support,1980
1980_af0eeb802a191df2cfb98791c363329c,1980_5c5e1a7556a2e42af3314fccc5603712,T147,T149,Support,1980
1980_4672f54b9fa5b438217217e4c4553009,1980_2ecd92f8733794aba8be521b79fc81d8,T28,T141,Attack,1980
1980_f6d26c7d7f327f873bdd13def2c34eb1,1980_c31a32e7fd0335951d14fd3e08452d90,T150,T143,Attack,1980
1980_2ba0c5105ae9e72b5b1434b32a8b0901,1980_f6d26c7d7f327f873bdd13def2c34eb1,T151,T150,Support,1980
1980_2c6ffe998cf6dc5331886e86d4a52deb,1980_1c716ce8fbc5ac5b4b66f369bfd4b100,T154,T153,Support,1980
1980_0f8d5c07693cba11582e756e2eaf1a29,1980_1c716ce8fbc5ac5b4b66f369bfd4b100,T155,T153,Support,1980
1980_e2522b101582abe597b725ff11d945a9,1980_4873e98a7a17838ce02935d25518104d,T319,T317,Support,1980
1980_8075e476a6deb643a93ed8109c318f2e,1980_c36d33324c3f114c5128bf45627c19f6,T321,T320,Support,1980
1980_2ffb12687cf9cc7ba2fdde0ebdab9ce9,1980_c36d33324c3f114c5128bf45627c19f6,T322,T320,Support,1980
1980_128476386b3c0385c180cb2f7272d7cb,1980_f6be9578ca965b929efc1dfb4fbc75d9,T324,T323,Support,1980
1980_fb6c504ca1cff293c684dac7e12d2102,1980_f6be9578ca965b929efc1dfb4fbc75d9,T325,T323,Support,1980
1980_470b8ae43a56fd8eaca8258c7421a714,1980_f6be9578ca965b929efc1dfb4fbc75d9,T326,T323,Support,1980
1980_fe74a9ce01b92fd0bdbcf76b29b21336,1980_470b8ae43a56fd8eaca8258c7421a714,T327,T326,Support,1980
1980_993e447580eb954439e5717cbd8caa53,1980_470b8ae43a56fd8eaca8258c7421a714,T328,T326,Support,1980
1980_ecfd04634e5f0bcc8644931531bcf184,1980_470b8ae43a56fd8eaca8258c7421a714,T329,T326,Support,1980
1980_3498874216e0afb6b3209220dc4ac18a,1980_f6be9578ca965b929efc1dfb4fbc75d9,T330,T323,Support,1980
1980_786d7c922af4d57f6239a8e43a60cfa0,1980_1682c1f69f0528aead142130b6e49437,T332,T331,Support,1980
1980_f6be9578ca965b929efc1dfb4fbc75d9,1980_1682c1f69f0528aead142130b6e49437,T323,T331,Support,1980
1980_d55884cb9bc08065fdcdbbb4468a8f6b,1980_97b80c1572b6470b4b0adbdf3f089e4f,T334,T335,Support,1980
1980_5180bb9f0410160abce6ae4531764173,1980_a14a161718afb09390ad231b0ecb685e,T338,T337,Support,1980
1980_bed68179060e94484dbcb73519aecc08,1980_a14a161718afb09390ad231b0ecb685e,T339,T337,Support,1980
1980_b40629c96601336ada92d9ec20d9c627,1980_d6a5717b4290d1ce63792223ec28ea5f,T343,T342,Support,1980
1980_11d616a91777182b59d0cb0ac73afb6a,1980_a14a161718afb09390ad231b0ecb685e,T341,T337,Support,1980
1980_1edcd56329bb2ad54e6ae3680f4fa80c,1980_7a4eb33ad9d443b4852ff5e917935304,T345,T346,Support,1980
1980_7a4eb33ad9d443b4852ff5e917935304,1980_22a141c530552a6fe223b6ab8056a495,T346,T344,Support,1980
1980_0ebfd905ec39e284e0649125f85306fe,1980_44d42e2700ff227e1a0fa7aaf544b7fd,T340,T336,Support,1980
1980_54a2e7169c5a129c171ca2392728d5f8,1980_7d36824bfd8a2a87992ed1e9d6f4fb1e,T349,T348,Support,1980
1980_9152327b4b5be1ce4f7e0fb8d1bf63f1,1980_d2f2838d86ede69257c402980987fd14,T350,T351,Support,1980
1980_d2f2838d86ede69257c402980987fd14,1980_44d42e2700ff227e1a0fa7aaf544b7fd,T351,T336,Support,1980
1980_4c91bdf86ee222a0bfd302d7af477648,1980_d2f2838d86ede69257c402980987fd14,T352,T351,Support,1980
1980_26fe91dfcdbc9852817102403f7cbe6a,1980_7a4040e895b16877b7904e610371a404,T356,T354,Support,1980
1980_4eefe83aa85b3c22ea5aeb6e201bbd11,1980_7a4040e895b16877b7904e610371a404,T357,T354,Support,1980
1980_57678ef96b88eeff73515abf7b8c9408,1980_95df5e5425ab5b8bdb1da8a0987225ab,T366,T365,Attack,1980
1980_3465afa23fdce61270f8c7ebbc06ec34,1980_57678ef96b88eeff73515abf7b8c9408,T367,T366,Support,1980
1980_c3ef1e1e46480f582a2215f69192792b,1980_3465afa23fdce61270f8c7ebbc06ec34,T376,T367,Support,1980
1980_ad8df106e91116d51a4b7d4c0e0e6948,1980_3465afa23fdce61270f8c7ebbc06ec34,T377,T367,Support,1980
1980_3465afa23fdce61270f8c7ebbc06ec34,1980_c774cc011298eff9594230feca616342,T367,T370,Support,1980
1980_14b819f125ecb2e387b6d16d00bed0e3,1980_96fed8c09aa3cb6521f6977e9a21d5d6,T369,T368,Support,1980
1980_944e5565f86908edc48b2116d6487a5a,1980_c774cc011298eff9594230feca616342,T371,T370,Support,1980
1980_96fed8c09aa3cb6521f6977e9a21d5d6,1980_944e5565f86908edc48b2116d6487a5a,T368,T371,Support,1980
1980_c774cc011298eff9594230feca616342,1980_86b2dcb35a544d54da9f608e3ba34f27,T370,T372,Support,1980
1980_2a1330f0bad24d156b2e4ff2628e6933,1980_86b2dcb35a544d54da9f608e3ba34f27,T374,T372,Support,1980
1980_2a1330f0bad24d156b2e4ff2628e6933,1980_e82fda4d195b5cd5fed2f8ca4b814c56,T374,T373,Support,1980
1980_64593cfa59f62282dcbc9feefa696dee,1980_e82fda4d195b5cd5fed2f8ca4b814c56,T375,T373,Support,1980
1980_35d80f57d84f6bd82f5bd8ec19e4503e,1980_96fed8c09aa3cb6521f6977e9a21d5d6,T36,T368,Attack,1980
1980_d9df7a29eacc0ee46e4c51279f9ac611,1980_7d4f66dbd4c5e1dec9c0cbf49609878e,T546,T379,Support,1980
1980_99a73cd7cf360a23efd20208c5810fe5,1980_7d4f66dbd4c5e1dec9c0cbf49609878e,T547,T379,Support,1980
1980_dbbf5726848c76f833e36231a191df1b,1980_7d4f66dbd4c5e1dec9c0cbf49609878e,T380,T379,Support,1980
1980_d0bba3e5ff7256fae142013a195eeb6a,1980_f83efb4ef0a359b258f4bfffa9503d40,T383,T381,Support,1980
1980_7296819e0a4c476a586f450492dd2572,1980_eb4da63014055a181b3fc6b6f47a062d,T388,T386,Support,1980
1980_b25ac32faddad930b42e3888656d5c81,1980_eb4da63014055a181b3fc6b6f47a062d,T387,T386,Support,1980
1980_1745f50e4c127001b702181a9ba02096,1980_f83efb4ef0a359b258f4bfffa9503d40,T385,T381,Support,1980
1980_1286350ab22f9869a6c486d2968b8116,1980_2416f24e2be08a924b4616c7786015c6,T382,T384,Support,1980
1980_f83efb4ef0a359b258f4bfffa9503d40,1980_35d80f57d84f6bd82f5bd8ec19e4503e,T381,T36,Attack,1980
1980_d2f2838d86ede69257c402980987fd14,1980_0ebfd905ec39e284e0649125f85306fe,T351,T340,Support,1980
1980_eb735489db47460a2b2ff1046ef31d49,1980_29899399362c34f9030bc1b3cbbc6887,T360,T359,Support,1980
1980_8d1ea7a53367316b15046391992ca5af,1980_29899399362c34f9030bc1b3cbbc6887,T361,T359,Support,1980
1980_f5c1d92409db1728168aca55e3c410e2,1980_29899399362c34f9030bc1b3cbbc6887,T362,T359,Support,1980
1980_1fcda85ea6f88d323a51613f96fd4c8d,1980_29899399362c34f9030bc1b3cbbc6887,T363,T359,Support,1980
1980_037b7397ec7e412c4dc0b421b22a9204,1980_29899399362c34f9030bc1b3cbbc6887,T364,T359,Support,1980
1980_29899399362c34f9030bc1b3cbbc6887,1980_95df5e5425ab5b8bdb1da8a0987225ab,T359,T365,Support,1980
1980_6be32a4fb0f0669fe2182bf61647371c,1980_ca77bbcd9ba99b33c2bfd1e189e39cb9,T2,T1,Support,1980
1980_ca77bbcd9ba99b33c2bfd1e189e39cb9,1980_025ad8b495a8bf8400be5fb07f17214e,T1,T389,Support,1980
1980_1407d0688eafaaa3ea2644598eecd44a,1980_025ad8b495a8bf8400be5fb07f17214e,T397,T389,Support,1980
1980_304110576cd096feba9c997ef5319b88,1980_025ad8b495a8bf8400be5fb07f17214e,T398,T389,Support,1980
1980_71121a0f4a722e51d2f073659c154778,1980_025ad8b495a8bf8400be5fb07f17214e,T399,T389,Support,1980
1980_fd1203f366ae1cf0a8d81f9c3ef3855d,1980_4fcc7f7a128cc625ce8559ae0450a87d,T396,T395,Support,1980
1980_89ad9b0c57bf0092d0be505d6a34b147,1980_fd1203f366ae1cf0a8d81f9c3ef3855d,T400,T396,Support,1980
1980_2f0ba7b51f96df4f638d91ea759f25ab,1980_64b7108b9f20dbc4dec7b498806d193f,T391,T392,Support,1980
1980_e9417cf5844670647f35711a117c8478,1980_4bccc3b0cf975474618c751f14cd4ec7,T394,T393,Support,1980
1980_fd1203f366ae1cf0a8d81f9c3ef3855d,1980_4bccc3b0cf975474618c751f14cd4ec7,T396,T393,Support,1980
1980_b2f19079753da7f73ff5d4cd5fdd77ab,1980_9858b84af930f35dcc77503cfe12da07,T403,T402,Support,1980
1980_56bfa6943fada4ec72e9bb320a2e60e4,1980_61f42a78a31f090ebf9829a054146666,T406,T548,Support,1980
1980_9dffa1d6c226534e27db8fc04ca2d614,1980_e2bd6b1b2d635e2ad816173698d4144f,T407,T401,Support,1980
1980_7ae0371ca47f38ea83e4540ebf2241a2,1980_e2bd6b1b2d635e2ad816173698d4144f,T408,T401,Support,1980
1980_9858b84af930f35dcc77503cfe12da07,1980_ac2d05bf30a331933171b3744e7db7a7,T402,T404,Support,1980
1980_ac2d05bf30a331933171b3744e7db7a7,1980_57f5ad30c4d07578ada1ad2f4b475708,T404,T405,Support,1980
1980_66f32627a000b93bf8da96cc41f1879f,1980_abf67e058970ca3d3895e4f285d2f9ec,T410,T411,Support,1980
1980_717f56c5838c353437c51e24d284598c,1980_abf67e058970ca3d3895e4f285d2f9ec,T412,T411,Support,1980
1980_66f32627a000b93bf8da96cc41f1879f,1980_5035f66045eacbd16cf126372b5e5684,T410,T409,Support,1980
1980_5035f66045eacbd16cf126372b5e5684,1980_56bfa6943fada4ec72e9bb320a2e60e4,T409,T406,Attack,1980
1980_334b1268b82cb8d17476e190ad3b8ca6,1980_5035f66045eacbd16cf126372b5e5684,T414,T409,Support,1980
1980_334b1268b82cb8d17476e190ad3b8ca6,1980_007435199a975460425253f91fe4c554,T414,T413,Support,1980
1980_d01bf3e3a8f91dedc58c9eb7a6e36b89,1980_007435199a975460425253f91fe4c554,T415,T413,Support,1980
1980_820d714ca5a13288119cd50dffeab3fb,1980_d01bf3e3a8f91dedc58c9eb7a6e36b89,T416,T415,Support,1980
1980_9f18557aa12b5afb9d07ba140c4ad61a,1980_18dc0266788cfc6479594e71abe42b32,T418,T417,Support,1980
1980_5b34ea5ce503853fbf17da5e6030a2a1,1980_0aee5b87899de1ee54fcfcfe6991f7a2,T422,T3,Support,1980
1980_c9208720b9d3ee27be116c5a67bf4000,1980_0aee5b87899de1ee54fcfcfe6991f7a2,T423,T3,Support,1980
1980_e84fc8e6549056a5a43d8ec9aed3dfa2,1980_0aee5b87899de1ee54fcfcfe6991f7a2,T424,T3,Support,1980
1980_8120853f2ee492daf23e91e0cc7dd0a3,1980_0aee5b87899de1ee54fcfcfe6991f7a2,T420,T3,Support,1980
1980_e77077c1efcdea4f7da46420d2fb0d3d,1980_8120853f2ee492daf23e91e0cc7dd0a3,T421,T420,Support,1980
1980_e5bc74e745d76496eb2767d9aaf7b898,1980_20fc17e747e3a77b64a145486fbd5ca3,T426,T425,Support,1980
1980_82f53d22d727b631f126d355bf41a0c9,1980_20fc17e747e3a77b64a145486fbd5ca3,T427,T425,Support,1980
1980_785ae67b222b2d34a343336dba5acdc5,1980_20fc17e747e3a77b64a145486fbd5ca3,T428,T425,Support,1980
1980_a125665cf1bcc787a3e3ff049c21fdcc,1980_20fc17e747e3a77b64a145486fbd5ca3,T429,T425,Support,1980
1980_20fc17e747e3a77b64a145486fbd5ca3,1980_190e998dfebeeb9f00ae131e53dc04de,T425,T430,Support,1980
1980_3e9fc7387a8388dd343da3501ff68591,1980_80edc45bc2bfb9f5661520973644881e,T433,T431,Support,1980
1980_80edc45bc2bfb9f5661520973644881e,1980_2e5298771056599f85bbdc00d2b254fb,T431,T432,Support,1980
1980_9bb8677a4e2fff2368094e35b301904e,1980_2e5298771056599f85bbdc00d2b254fb,T434,T432,Support,1980
1980_2e5298771056599f85bbdc00d2b254fb,1980_00453d321b0e64df792c95e79bbe27c7,T432,T4,Attack,1980
1980_664a730644bc6f42943bb5f97f5b903f,1980_1a6c0b6f964c543fc402b18708e81bc7,T435,T8,Support,1980
1980_a9762c1113488a12c9730f0d915ed34b,1980_664a730644bc6f42943bb5f97f5b903f,T436,T435,Support,1980
1980_7ddd7ba49e731af0cfb5033986d08d4b,1980_a13f5d4c9e6e883fd4637df6bce74e3b,T438,T437,Support,1980
1980_13d43e6a4185497a18d7189d5ac33da2,1980_863d189681d090cd59aaebba22f97983,T440,T442,Support,1980
1980_657c31da68fdf3951348d7a7455fab72,1980_863d189681d090cd59aaebba22f97983,T441,T442,Support,1980
1980_5d97c8902af32612180d1184f57bbf6d,1980_863d189681d090cd59aaebba22f97983,T439,T442,Support,1980
1980_f322c1b83c6345cab75c25a77911359a,1980_36b6732f57b54c97ea9c25b6b43c54a6,T261,T260,Support,1980
1980_70897f52d04740d193dcf15ea09e8b4e,1980_a777d055c6dcf3c9b64caac9b5c61d52,T263,T262,Support,1980
1980_60e2e5c4cf9515f7747fbcaece37352d,1980_3449a28cfd065218fac665e2acf52432,T268,T267,Support,1980
1980_376200b6aeb760c719b5990d76637efc,1980_3449a28cfd065218fac665e2acf52432,T269,T267,Support,1980
1980_12fb54e168fb8fb81c875b895965bd6e,1980_3449a28cfd065218fac665e2acf52432,T270,T267,Support,1980
1980_9f1eedf56a436df932a1757896ce9ae4,1980_3449a28cfd065218fac665e2acf52432,T271,T267,Support,1980
1980_9b1e87ef87c815e9e5c44bc664774b27,1980_3449a28cfd065218fac665e2acf52432,T272,T267,Support,1980
1980_2666260ad2acfdc1fe4a211ea565434d,1980_250a5c1ead01753ef264d60d21a2eaa6,T274,T273,Support,1980
1980_aabc453ca2d6a5bbc7f81246d78c74ce,1980_e3b03437cdefdff52d8d9fd064db8244,T266,T264,Support,1980
1980_3449a28cfd065218fac665e2acf52432,1980_e3b03437cdefdff52d8d9fd064db8244,T267,T264,Support,1980
1980_cdcbbdd9921a1a3337fa763ad185e9a2,1980_2666260ad2acfdc1fe4a211ea565434d,T275,T274,Support,1980
1980_f97dd789f5198712f996566e45beaf7e,1980_f238cde63645f4576f9f3f7f441ecbb0,T277,T276,Support,1980
1980_57fd0962a663befab25ff671e5e277fb,1980_e5a0988323f22a0baeb2844cb8d675b0,T279,T278,Support,1980
1980_b37a9e2f1aad133bbb33b54ce3339a44,1980_9c33a2a9e97a4a36c938b4d6e6959400,T281,T280,Support,1980
1980_392f07346302348f327f9774b9f5631b,1980_e36187380fa26635e454296f3a8bf098,T287,T286,Support,1980
1980_d0807ca1c9cbbd3521aac7b9866a6e6c,1980_9c33a2a9e97a4a36c938b4d6e6959400,T282,T280,Support,1980
1980_9c33a2a9e97a4a36c938b4d6e6959400,1980_2949c2c1135125c75c450b1328e66374,T280,T285,Support,1980
1980_a0d3ce2271d85d386ef6cc01ba102504,1980_d4fa4c7637267c14367569593fb8a620,T284,T283,Support,1980
1980_9b96d04f87cc2025e4e63b352ae64229,1980_34ee51ea04f9a3f7f586038672b2e0c8,T289,T288,Support,1980
1980_d361454ff044b1babc89ef1de127727f,1980_34ee51ea04f9a3f7f586038672b2e0c8,T290,T288,Support,1980
1980_2a11e74271adc2ba19d1bf3a108691c9,1980_af202d8a4787ccc1453db9b5e357148b,T292,T291,Support,1980
1980_e2297e08c63dc2a096862d639815002f,1980_2a11e74271adc2ba19d1bf3a108691c9,T1,T292,Support,1980
1980_cfde4fddab7b7a4ec2288dbefe2f9a45,1980_2a11e74271adc2ba19d1bf3a108691c9,T293,T292,Support,1980
1980_2a11e74271adc2ba19d1bf3a108691c9,1980_52b3a59a9358081fdba0252aff915d01,T292,T294,Support,1980
1980_01e2f070999ca9d03945544a87f97b98,1980_3ace8974e6b51e96bf76fb07b2a083ea,T296,T295,Support,1980
1980_99a2d25b047bc4a8309f4fb752a32f51,1980_3ace8974e6b51e96bf76fb07b2a083ea,T297,T295,Support,1980
1980_f419f7a10eedfee9535145dd112b627b,1980_3ace8974e6b51e96bf76fb07b2a083ea,T298,T295,Support,1980
1980_f8bc52fcc8a81c15ee9d4c5e3795f377,1980_06610f7da99737aa13d9ef61beda9f9d,T302,T305,Support,1980
1980_9189e30a038ec0c5f1d53f59ebe1f7fa,1980_06610f7da99737aa13d9ef61beda9f9d,T303,T305,Support,1980
1980_b4c1b2bc1ba487bb61d3bfeda5cb5bc8,1980_9189e30a038ec0c5f1d53f59ebe1f7fa,T304,T303,Support,1980
1980_abe3bc35b29d6fef6e2df8bd7dfa8e03,1980_06610f7da99737aa13d9ef61beda9f9d,T301,T305,Support,1980
1980_4865a9d7a250ecac5c4e3f3ad81562a7,1980_06610f7da99737aa13d9ef61beda9f9d,T300,T305,Support,1980
1980_71025ec0c9848183aaf01644682be864,1980_06610f7da99737aa13d9ef61beda9f9d,T299,T305,Support,1980
1980_3dce1fc608a587a50eeec5ae408a4784,1980_3dd69e7f9a9829ce0d38b6646e09b65c,T307,T306,Support,1980
1980_36a61c41f1fd04e01b70b36417c728c5,1980_5b99bd7d823ddcb935e1f31df6c0f566,T309,T308,Support,1980
1980_4059e836ce67ca7d3654a07246bdf4dc,1980_36a61c41f1fd04e01b70b36417c728c5,T310,T309,Support,1980
1980_3cf1686cbd860e3dc695197ad4fe80ce,1980_d5d7dd63a00613b646385f0fecfde4e6,T313,T312,Support,1980
1980_f08e6f657b632e3d38129ddb7611ad0f,1980_f93586d08f2f222edc04b2b0225b3a00,T314,T315,Support,1980
1980_1f6bd39ccbb5051b08d07f487e1b92b0,1980_b74e5721c83de4dd58525a2625ee7c0e,T2,T3,Support,1980
1980_cf818f5f2f44ce02cea1a32356fd19a5,1980_b74e5721c83de4dd58525a2625ee7c0e,T316,T3,Support,1980
1980_a2483e20c5432d5dac79b67473fece6a,1980_47723bb83d95f69c5dadc3ce7d1c2b74,T217,T216,Support,1980
1980_9c096677e1f436b6693fec1987a18b6f,1980_47723bb83d95f69c5dadc3ce7d1c2b74,T218,T216,Support,1980
1980_9f396c6e75cd6fbcf42be800eb8ea79d,1980_a2483e20c5432d5dac79b67473fece6a,T221,T217,Support,1980
1980_fb0be7611c22ca277df7f64cde8f87da,1980_a2483e20c5432d5dac79b67473fece6a,T222,T217,Support,1980
1980_fb0be7611c22ca277df7f64cde8f87da,1980_80fc0997aac755a4e625b329d93edf2c,T222,T223,Support,1980
1980_52a6f61069f50c8b89606c9a1c14ee04,1980_80db2c5492b0aacf806dfd31f78d53ec,T220,T219,Support,1980
1980_27567737ea22c4a5ff49e36fc68f65d2,1980_681584bb5bd8473ac7d10d018906546d,T227,T226,Support,1980
1980_e48f680d514b28ea474fc6adde2a305d,1980_681584bb5bd8473ac7d10d018906546d,T228,T226,Support,1980
1980_224b3f9c078a1bc1de819a71470c74d9,1980_f492955f8849a8a65cb71bde09f8eb37,T224,T225,Support,1980
1980_338d8967045205b265a52e095511f6d4,1980_f726cd84f53b800bc7d3a24e569398fa,T230,T229,Support,1980
1980_b6a2455b3246e9cac64cf8f98b9b9afa,1980_5b2e0bb91a53c2dcb8c51851ec0fa0d9,T232,T231,Support,1980
1980_5b2e0bb91a53c2dcb8c51851ec0fa0d9,1980_f726cd84f53b800bc7d3a24e569398fa,T231,T229,Support,1980
1980_8e42647e87a03f220a9c8cb053c77337,1980_f9d849a96d37cbcfb46c5595a485c5ec,T236,T235,Support,1980
1980_42e240173722af47562a35b2f087bcb9,1980_f9d849a96d37cbcfb46c5595a485c5ec,T233,T235,Support,1980
1980_f2595a0b28f52809d1babda62aa35ff2,1980_42e240173722af47562a35b2f087bcb9,T234,T233,Support,1980
1980_63f65028b83aceb01c84dfaebe2b45f1,1980_18cb51206f89b31910a4dc026a352db3,T242,T237,Support,1980
1980_18cb51206f89b31910a4dc026a352db3,1980_ef7d1653edef3acff0d85461f926c5c5,T237,T243,Support,1980
1980_5d0d012487a57f0cb28d2d0bb0d0fe27,1980_ef7d1653edef3acff0d85461f926c5c5,T238,T243,Support,1980
1980_de27e80fb6db089e60c0155ecc9bdac7,1980_5d0d012487a57f0cb28d2d0bb0d0fe27,T239,T238,Support,1980
1980_d87889323f54cd81398ca19b382566f4,1980_072a0d62483093f56907cce2f4d36d82,T249,T248,Support,1980
1980_7325022c5e28e029504b1b21ac2cfe22,1980_072a0d62483093f56907cce2f4d36d82,T250,T248,Support,1980
1980_c7ac2ea255dfc84512d7c17558ce2853,1980_b87b07f9de2c589d1c37eee6c00816d0,T255,T1,Support,1980
1980_be3c710b76903684a9bcc7f117de89a4,1980_b87b07f9de2c589d1c37eee6c00816d0,T252,T1,Support,1980
1980_67698182ed84ee75b3c742b3ebe92402,1980_b87b07f9de2c589d1c37eee6c00816d0,T253,T1,Support,1980
1980_01592356f6f40c2bbec3fbd509cadb52,1980_b87b07f9de2c589d1c37eee6c00816d0,T254,T1,Support,1980
1980_f8e342f1e68e338c4827129f658f38ed,1980_840684aceafc62871874a4e5ac68fade,T257,T256,Support,1980
1980_840684aceafc62871874a4e5ac68fade,1980_bf9b5bb065afa840d018bbc19e6303f1,T256,T258,Support,1980
1980_5759589f5bfbb4eea1a4542e98d689ec,1980_681584bb5bd8473ac7d10d018906546d,T259,T226,Attack,1980
1980_bf9b5bb065afa840d018bbc19e6303f1,1980_67698182ed84ee75b3c742b3ebe92402,T258,T253,Support,1980
1980_f823a628e1b9ac170a7b9dfa85d5514a,1980_620d94b2f6abed5fe2efc76c599ea9c4,T247,T246,Support,1980
1980_fe7df29947243078d31dd786b4c2e210,1980_620d94b2f6abed5fe2efc76c599ea9c4,T245,T246,Support,1980
1980_620d94b2f6abed5fe2efc76c599ea9c4,1980_1053de20086df9a1183d940c9de3b47f,T246,T244,Support,1980
1980_ab3951a8b8e1c8c738c9445933ba8e2e,1980_af236a41f272c26c0db2634e4935463b,T513,T508,Support,1980
1980_c2772a4579b4e8b1ab2223f630b668c3,1980_c9695f908386f099805ab17325214258,T502,T500,Support,1980
1980_81d1a2e125bce1b1ef5f4b138b2324e1,1980_88e8228ffb562126e5bd44c66529b8be,T510,T509,Support,1980
1980_7e062eb1cf3989946e603070c8dc2704,1980_88e8228ffb562126e5bd44c66529b8be,T511,T509,Support,1980
1980_f3d8a6fcebc396f0f75218f9ccf084d1,1980_7e062eb1cf3989946e603070c8dc2704,T512,T511,Support,1980
1980_ef50a14042c00850740acbf42ad7bb78,1980_ab3951a8b8e1c8c738c9445933ba8e2e,T514,T513,Support,1980
1980_0a8731dc947834bf452ea4dfdd93eaf6,1980_6c0257d410d1bca6d25857d4f543ecef,T503,T501,Support,1980
1980_c2772a4579b4e8b1ab2223f630b668c3,1980_6c0257d410d1bca6d25857d4f543ecef,T502,T501,Support,1980
1980_51a4fa712cbb23d3ef2d073df3cc5575,1980_81d1a2e125bce1b1ef5f4b138b2324e1,T519,T510,Support,1980
1980_51a4fa712cbb23d3ef2d073df3cc5575,1980_35c3e6d623a62952d95164d38e631fac,T519,T518,Support,1980
1980_a1d2f0755c148f3e92aa4d28c2033631,1980_d5046bfd947bbf7ff878b334ff7d5979,T521,T522,Support,1980
1980_d5046bfd947bbf7ff878b334ff7d5979,1980_0772e0158573daecc6ded6d892d3d00f,T522,T517,Support,1980
1980_31da2094bad4310b3466e0b6a176bde4,1980_37028ba2d48c1b19e42062fe11b7d339,T525,T523,Support,1980
1980_05bc86496631325024159de7550aaf55,1980_37028ba2d48c1b19e42062fe11b7d339,T524,T523,Support,1980
1980_6d6c92db12895b452482ba40596c7c9b,1980_b4d0b18e82a044c956d3da936307f894,T3,T2,Support,1980
1980_173b6074052787979d1eb0bb66a767dd,1980_e14f60d4e4b85c5866eb88303bd5035e,T505,T504,Support,1980
1980_4c1e27c6925b3f2170661bb0752adad2,1980_e14f60d4e4b85c5866eb88303bd5035e,T506,T504,Support,1980
1980_c2772a4579b4e8b1ab2223f630b668c3,1980_0937b010a1db9cca278f613307a109a1,T502,T507,Support,1980
1980_c9695f908386f099805ab17325214258,1980_0937b010a1db9cca278f613307a109a1,T500,T507,Support,1980
1980_0a8731dc947834bf452ea4dfdd93eaf6,1980_0937b010a1db9cca278f613307a109a1,T503,T507,Support,1980
1980_05835dbd8ca860c5e5094a011e9ee897,1980_37149bdfee5e045d899603a09448c59c,T527,T526,Support,1980
1980_6cc1dda2dfbf1804c1915aeacf245b7e,1980_a3b75d018dca7f3ef68f37c24dd64dd2,T530,T528,Support,1980
1980_a85a8014e56784d2caa20da33245d54a,1980_a3b75d018dca7f3ef68f37c24dd64dd2,T529,T528,Support,1980
1980_6949f2bfd482e99616190733e47d1343,1980_6f29c9f95261c437e863ec3f16151d45,T533,T531,Support,1980
1980_a3b75d018dca7f3ef68f37c24dd64dd2,1980_6f29c9f95261c437e863ec3f16151d45,T528,T531,Support,1980
1980_7206b2d9649a9a049334c75cda5128da,1980_6949f2bfd482e99616190733e47d1343,T532,T533,Support,1980
1980_bcedcc1575b878826c384f7470e4fb27,1980_7206b2d9649a9a049334c75cda5128da,T536,T532,Support,1980
1980_7b9c2564e6fcc82c3ebd1a16e5b9bedd,1980_bcedcc1575b878826c384f7470e4fb27,T535,T536,Support,1980
1980_7b9c2564e6fcc82c3ebd1a16e5b9bedd,1980_381e8df814200512a96aca9ab9c9500f,T535,T538,Support,1980
1980_381e8df814200512a96aca9ab9c9500f,1980_df96114794edc900a3b8de5186d63043,T538,T1,Support,1980
1980_0a3437d16dcc27f41996b0ed80628d04,1980_381e8df814200512a96aca9ab9c9500f,T539,T538,Support,1980
1980_f0420a5eca70f21f4b02ff26afab4d15,1980_381e8df814200512a96aca9ab9c9500f,T540,T538,Support,1980
1980_f7620fce9403da44adb663e596c48620,1980_381e8df814200512a96aca9ab9c9500f,T541,T538,Support,1980
1980_c1322db73b7d25cde660a2f3c31b4b45,1980_381e8df814200512a96aca9ab9c9500f,T542,T538,Support,1980
1980_f6f3b5d417c222f7cc12e1eed587765c,1980_026fc17f7d9cad61dc4d9ed9fbea91b8,T545,T544,Support,1980
1980_026fc17f7d9cad61dc4d9ed9fbea91b8,1980_bc77e4ec5ffc4dbdbd0f50855859f215,T544,T543,Support,1980
1980_0d02ba470443f99e329b27d21cc3dfa7,1980_f46bcf5322747cd98f031927ea93ec4a,T110,T109,Support,1980
1980_0d02ba470443f99e329b27d21cc3dfa7,1980_be61999928d17633c87e9f89b4ecbeae,T110,T111,Support,1980
1980_be61999928d17633c87e9f89b4ecbeae,1980_f46bcf5322747cd98f031927ea93ec4a,T111,T109,Support,1980
1980_b37270a7f36a2962ca7cf9c7423e4bc5,1980_f46bcf5322747cd98f031927ea93ec4a,T112,T109,Support,1980
1980_3d09031d74bab365e4914b02bdde88ad,1980_f46bcf5322747cd98f031927ea93ec4a,T113,T109,Support,1980
1980_3d09031d74bab365e4914b02bdde88ad,1980_b749473a172b48888fc4a03e945e88b3,T113,T114,Support,1980
1980_b749473a172b48888fc4a03e945e88b3,1980_f46bcf5322747cd98f031927ea93ec4a,T114,T109,Support,1980
1980_a66254ad17e9f32f275ac7f05a238d7a,1980_26931ff81f8341fdedbfdf058ce3a0bb,T102,T101,Support,1980
1980_a66254ad17e9f32f275ac7f05a238d7a,1980_ff87339fb1b2cb3f43fad80a7df48879,T102,T103,Support,1980
1980_ff87339fb1b2cb3f43fad80a7df48879,1980_26931ff81f8341fdedbfdf058ce3a0bb,T103,T101,Support,1980
1980_26931ff81f8341fdedbfdf058ce3a0bb,1980_ecdd2b41f29d57b49888b855ad1bc9fc,T101,T104,Attack,1980
1980_26931ff81f8341fdedbfdf058ce3a0bb,1980_2d250ec92874ef04741bb9d3bbab6e53,T101,T105,Attack,1980
1980_ecdd2b41f29d57b49888b855ad1bc9fc,1980_2d250ec92874ef04741bb9d3bbab6e53,T104,T105,Support,1980
1980_a66254ad17e9f32f275ac7f05a238d7a,1980_ecdd2b41f29d57b49888b855ad1bc9fc,T102,T104,Attack,1980
1980_a66254ad17e9f32f275ac7f05a238d7a,1980_2d250ec92874ef04741bb9d3bbab6e53,T102,T105,Attack,1980
1980_ff87339fb1b2cb3f43fad80a7df48879,1980_ecdd2b41f29d57b49888b855ad1bc9fc,T103,T104,Attack,1980
1980_ff87339fb1b2cb3f43fad80a7df48879,1980_2d250ec92874ef04741bb9d3bbab6e53,T103,T105,Attack,1980
1980_474273b8af519ec6e8444cad7055358f,1980_c67a280901a9b8c0f3ace3221f75e0fc,T108,T107,Support,1980
1980_c916e06128352e14c05355333df62ef6,1980_26931ff81f8341fdedbfdf058ce3a0bb,T106,T101,Attack,1980
1980_d9cf6b841919df4852d14ea807417cd7,1980_26931ff81f8341fdedbfdf058ce3a0bb,T118,T101,Support,1980
1980_4665aaec57a6f3b9444c3e971fd8b117,1980_d9cf6b841919df4852d14ea807417cd7,T116,T118,Support,1980
1980_4665aaec57a6f3b9444c3e971fd8b117,1980_fbddc52aa0b8d69cd44d3dc9dcbd850f,T116,T117,Attack,1980
1980_e401c943fae95b4adb5723660cc0914a,1980_d9cf6b841919df4852d14ea807417cd7,T115,T118,Support,1980
1980_dfeef9a0652dcaa94d741fc3aca75c41,1980_df5a41a70162475784b19f8e49f5fc07,T121,T120,Support,1980
1980_655e300f6461fb87350ebcacdf8c9a78,1980_df5a41a70162475784b19f8e49f5fc07,T119,T120,Support,1980
1980_0bb54cec73211bdf70f20b82be34c605,1980_62f87559c9c165bb2fc429841c23a817,T122,T123,Support,1980
1980_62f87559c9c165bb2fc429841c23a817,1980_81dc2e3551f80e271b2ca922e5085f0c,T123,T125,Support,1980
1980_81dc2e3551f80e271b2ca922e5085f0c,1980_5b2e0613fb7c35f0ff9c21f1269e9147,T125,T126,Support,1980
1980_5b2e0613fb7c35f0ff9c21f1269e9147,1980_06c8253097765daab993f2e97f85f3b4,T126,T127,Support,1980
1980_06c8253097765daab993f2e97f85f3b4,1980_6b21a027fae2281b2f23c26bd81c4da5,T127,T124,Support,1980
1980_6b21a027fae2281b2f23c26bd81c4da5,1980_bccabaa6651a943f67392eda276b5892,T124,T129,Attack,1980
1980_bdfbbb05b22ee91c476195d4a453807a,1980_bccabaa6651a943f67392eda276b5892,T128,T129,Support,1980
1980_9ab4dc971b2b894e4a94143d51dd688a,1980_4ac673bc31b624fc900e8ec69a6c2cfa,T131,T130,Support,1980
1980_4ac673bc31b624fc900e8ec69a6c2cfa,1980_6a23f7be2b0fd095ff6ffd6cd1c8bfcd,T130,T132,Support,1980
1980_bccabaa6651a943f67392eda276b5892,1980_6a23f7be2b0fd095ff6ffd6cd1c8bfcd,T129,T132,Support,1980
1980_827b95b39bc3cf52d0390fe8514651e9,1980_7cb281b209533536236684b2f9b84b4c,T134,T133,Support,1980
1980_efce1ac480f32dab25c0987e383172c9,1980_7cb281b209533536236684b2f9b84b4c,T135,T133,Support,1980
1980_7dd5189892307e5287318638d5ecd103,1980_b4d968f4eb5bb8451217eb5d1a89584a,T137,T136,Support,1980
1980_10dad7e95210c8a1b2308bbb7012065b,1980_b4d968f4eb5bb8451217eb5d1a89584a,T138,T136,Support,1980
1980_f465f9f333cfae2117336e027c7fbaab,1980_b4d968f4eb5bb8451217eb5d1a89584a,T139,T136,Support,1980
1980_495f8e8ed6ef904313b374bdc9e4bb74,1980_b4d968f4eb5bb8451217eb5d1a89584a,T143,T136,Attack,1980
1980_b0f25b260f5e33f8a3b00b551fd39543,1980_10dad7e95210c8a1b2308bbb7012065b,T144,T138,Attack,1980
1980_1b4c3065dfad55c4634207ab700904a4,1980_02d6a4bf7eeb5b616dae0234877b2d64,T141,T140,Support,1980
1980_02d6a4bf7eeb5b616dae0234877b2d64,1980_495f8e8ed6ef904313b374bdc9e4bb74,T140,T143,Support,1980
1980_e6f86ad6fb53fa686b9252541aa5ae7d,1980_b0f25b260f5e33f8a3b00b551fd39543,T145,T144,Support,1980
1980_550f7d498c6ad2fcda1d25302022c237,1980_ca83aca18b133d0f56b28a2c3a7585d6,T146,T147,Support,1980
1980_ca83aca18b133d0f56b28a2c3a7585d6,1980_02d6a4bf7eeb5b616dae0234877b2d64,T147,T140,Support,1980
1980_02d6a4bf7eeb5b616dae0234877b2d64,1980_b4d968f4eb5bb8451217eb5d1a89584a,T140,T136,Attack,1980
1980_1bca0b1c3d701625b08a4ae8e03d871c,1980_02d6a4bf7eeb5b616dae0234877b2d64,T142,T140,Attack,1980
1980_1bca0b1c3d701625b08a4ae8e03d871c,1980_f465f9f333cfae2117336e027c7fbaab,T142,T139,Attack,1980
1980_4b8e09fdf32d06d1aa00be7f0c489a29,1980_dc454624a632e47e9f8dcdc36a7d599f,T49,T50,Support,1980
1980_7af2971fa54de1653741d0542327cbc0,1980_dc454624a632e47e9f8dcdc36a7d599f,T51,T50,Attack,1980
1980_57e0bae08e7db4db39b3bda493158ea6,1980_7af2971fa54de1653741d0542327cbc0,T52,T51,Support,1980
1980_7af2971fa54de1653741d0542327cbc0,1980_bcd8085e358208119efbaebbd9cd0a2a,T51,T57,Support,1980
1980_39582b1748aab2ec5841bd3c58989b28,1980_bcd8085e358208119efbaebbd9cd0a2a,T53,T57,Attack,1980
1980_7a03aa9271ec7b228fc3293d67590e3c,1980_d4461e390abaccfba5aeb02858bd86a0,T63,T62,Support,1980
1980_a8af31a4c7714f6537ca1413392e4965,1980_c4f0a7ee09e2ef9e0a4fc7adda165361,T56,T55,Attack,1980
1980_28e0047abbdfd41ebd953e604ccc33b4,1980_c4f0a7ee09e2ef9e0a4fc7adda165361,T67,T55,Attack,1980
1980_bed04b48ddfbf84155f69670b466d86a,1980_c4f0a7ee09e2ef9e0a4fc7adda165361,T66,T55,Attack,1980
1980_bed04b48ddfbf84155f69670b466d86a,1980_a8af31a4c7714f6537ca1413392e4965,T66,T56,Support,1980
1980_28e0047abbdfd41ebd953e604ccc33b4,1980_a8af31a4c7714f6537ca1413392e4965,T67,T56,Support,1980
1980_b0bf149b4a6eb092a8805d07769b3c89,1980_a8af31a4c7714f6537ca1413392e4965,T60,T56,Support,1980
1980_b0bf149b4a6eb092a8805d07769b3c89,1980_c4f0a7ee09e2ef9e0a4fc7adda165361,T60,T55,Attack,1980
1980_5616edc22a800a23cd15f248d580cfa8,1980_a8af31a4c7714f6537ca1413392e4965,T61,T56,Support,1980
1980_25db65944ec52954b7f5676ba57834cd,1980_26e96e4c9f1a0eff5d431d18d6c490f2,T64,T65,Support,1980
1980_26e96e4c9f1a0eff5d431d18d6c490f2,1980_d2bd8f286ae014d58ff52d3ba6b4a768,T65,T54,Support,1980
1980_d2bd8f286ae014d58ff52d3ba6b4a768,1980_c4f0a7ee09e2ef9e0a4fc7adda165361,T54,T55,Attack,1980
1980_39582b1748aab2ec5841bd3c58989b28,1980_c2cf8381581b1154088297ee3cb47eb0,T53,T58,Support,1980
1980_c2cf8381581b1154088297ee3cb47eb0,1980_614068bca383a94a52ff7e8e1c9a860f,T58,T59,Support,1980
1980_614068bca383a94a52ff7e8e1c9a860f,1980_bcd8085e358208119efbaebbd9cd0a2a,T59,T57,Attack,1980
1980_b0bf149b4a6eb092a8805d07769b3c89,1980_bcd8085e358208119efbaebbd9cd0a2a,T60,T57,Attack,1980
1980_5616edc22a800a23cd15f248d580cfa8,1980_bcd8085e358208119efbaebbd9cd0a2a,T61,T57,Attack,1980
1980_25db65944ec52954b7f5676ba57834cd,1980_bcd8085e358208119efbaebbd9cd0a2a,T64,T57,Attack,1980
1980_f6ebee25e24b88814a6a1a1ab205b74e,1980_a8af31a4c7714f6537ca1413392e4965,T68,T56,Attack,1980
1980_f6ebee25e24b88814a6a1a1ab205b74e,1980_c4f0a7ee09e2ef9e0a4fc7adda165361,T68,T55,Attack,1980
1980_f6ebee25e24b88814a6a1a1ab205b74e,1980_bcd8085e358208119efbaebbd9cd0a2a,T68,T57,Attack,1980
1980_1c87125dc2e3369b098861fd89575774,1980_f6ebee25e24b88814a6a1a1ab205b74e,T69,T68,Support,1980
1980_1c87125dc2e3369b098861fd89575774,1980_c4f0a7ee09e2ef9e0a4fc7adda165361,T69,T55,Attack,1980
1980_1c87125dc2e3369b098861fd89575774,1980_a8af31a4c7714f6537ca1413392e4965,T69,T56,Attack,1980
1980_95d31127d4e0e9cf277f5f5c0ef0c55d,1980_24927936a7dc03e70ba1e76c7d0b1191,T71,T70,Support,1980
1980_825321881a82c422d6cbed30474705f9,1980_24927936a7dc03e70ba1e76c7d0b1191,T72,T70,Support,1980
1980_f744f2a60abfa183dc8d3d400e177974,1980_825321881a82c422d6cbed30474705f9,T73,T72,Support,1980
1980_24927936a7dc03e70ba1e76c7d0b1191,1980_c6b31da04d88ed98eace8ea4188d51c2,T70,T74,Attack,1980
1980_753349071cf1707808d561ccd25300d6,1980_e3ae62286426043e2212edae716c187f,T75,T76,Support,1980
1980_e3ae62286426043e2212edae716c187f,1980_24927936a7dc03e70ba1e76c7d0b1191,T76,T70,Support,1980
1980_e3ae62286426043e2212edae716c187f,1980_c6b31da04d88ed98eace8ea4188d51c2,T76,T74,Attack,1980
1980_61f7a3b66d2d73723a1e30bb60996b97,1980_3a065d1f7681468e1cd37520588b2aeb,T78,T77,Support,1980
1980_3a065d1f7681468e1cd37520588b2aeb,1980_24927936a7dc03e70ba1e76c7d0b1191,T77,T70,Support,1980
1980_61f7a3b66d2d73723a1e30bb60996b97,1980_753349071cf1707808d561ccd25300d6,T78,T75,Attack,1980
1980_e3ae62286426043e2212edae716c187f,1980_bf3f129750b5832440b87c19e0433309,T76,T82,Support,1980
1980_24927936a7dc03e70ba1e76c7d0b1191,1980_bf3f129750b5832440b87c19e0433309,T70,T82,Support,1980
1980_3a065d1f7681468e1cd37520588b2aeb,1980_bf3f129750b5832440b87c19e0433309,T77,T82,Support,1980
1980_5bfadb64d4c179bd8e6990027848447f,1980_0c56fa2005c5f8ddf31d233fa03f9810,T81,T79,Support,1980
1980_85528ca889c540ada6affd8f07d062ee,1980_0c56fa2005c5f8ddf31d233fa03f9810,T80,T79,Support,1980
1980_c643f1d085a4e4f14b63e8009352ad58,1980_0c56fa2005c5f8ddf31d233fa03f9810,T83,T79,Support,1980
1980_0c56fa2005c5f8ddf31d233fa03f9810,1980_bf3f129750b5832440b87c19e0433309,T79,T82,Support,1980
1980_c643f1d085a4e4f14b63e8009352ad58,1980_bf3f129750b5832440b87c19e0433309,T83,T82,Support,1980
1980_85528ca889c540ada6affd8f07d062ee,1980_bf3f129750b5832440b87c19e0433309,T80,T82,Support,1980
1980_0b287e5385b91a91326dd66b77b2bae9,1980_f7fb5d377d09bf565d1cee5b956b9321,T1,T86,Support,1980
1980_a5b7424da3deed54cff6b17eaf17953a,1980_52a10b493f5b779114210a310227604e,T88,T87,Support,1980
1980_16df44ad0bbdfd0ce25d70a96d7e9007,1980_ed3d9e26c5b35593ba9ebd35c499b845,T90,T89,Support,1980
1980_84e98911efa35b18a65ae9d3c0dcabde,1980_ed3d9e26c5b35593ba9ebd35c499b845,T91,T89,Support,1980
1980_ed3d9e26c5b35593ba9ebd35c499b845,1980_7e0e9809627a37b27ea3dab40213164c,T89,T84,Support,1980
1980_7e0e9809627a37b27ea3dab40213164c,1980_49bb393ceaf45e6f876a1983548c1fa2,T84,T85,Attack,1980
1980_02a7fdaffee0effd920eab9986f16316,1980_d82fcb5a4ccfdbeec10c5d0fcb555d89,T92,T93,Support,1980
1980_9c138e5017ea0b6b41558dab522f80b9,1980_f096fb99d47bb22017ad24745cd863fb,T96,T97,Support,1980
1980_99cefec8edbf9cb6775085797c93893d,1980_9c138e5017ea0b6b41558dab522f80b9,T95,T96,Support,1980
1980_41ab01736be61e0125e297413e6380ec,1980_99cefec8edbf9cb6775085797c93893d,T94,T95,Support,1980
1980_f096fb99d47bb22017ad24745cd863fb,1980_d82fcb5a4ccfdbeec10c5d0fcb555d89,T97,T93,Support,1980
1980_9c138e5017ea0b6b41558dab522f80b9,1980_d82fcb5a4ccfdbeec10c5d0fcb555d89,T96,T93,Support,1980
1980_87d259a2fcf57bf4a7d49bfeb6876b51,1980_f096fb99d47bb22017ad24745cd863fb,T98,T97,Support,1980
1980_39a3f2fd332d32534f7968bd7a30f3ad,1980_4f6f5fb98edbd59d11a044a6c9e4e9ff,T99,T100,Support,1980
1980_39a3f2fd332d32534f7968bd7a30f3ad,1980_bf3f129750b5832440b87c19e0433309,T99,T82,Support,1980
1980_0b2240b51f2b7125caa44659adb4536f,1980_894ec96eeeed6ca16786d945023244e4,T2,T1,Support,1980
1980_894ec96eeeed6ca16786d945023244e4,1980_29ec7494a224ef8194a99d4a168c115d,T1,T445,Support,1980
1980_e3a023d6325b04982d8ee5be4d324bd0,1980_29ec7494a224ef8194a99d4a168c115d,T450,T445,Support,1980
1980_e27a20fb9a3d76f7397e5068eb782ab1,1980_a1379e0e902374732587f7e7c7bdb276,T447,T444,Support,1980
1980_06582a977bb20cc41160d723f3c7a4d2,1980_a1379e0e902374732587f7e7c7bdb276,T448,T444,Support,1980
1980_9add2c37fbabe2d497e94edca073100d,1980_a1379e0e902374732587f7e7c7bdb276,T449,T444,Support,1980
1980_e27a20fb9a3d76f7397e5068eb782ab1,1980_8ed46eecf9dd40f80ec925b27db2e328,T447,T446,Support,1980
1980_06582a977bb20cc41160d723f3c7a4d2,1980_8ed46eecf9dd40f80ec925b27db2e328,T448,T446,Support,1980
1980_9add2c37fbabe2d497e94edca073100d,1980_8ed46eecf9dd40f80ec925b27db2e328,T449,T446,Support,1980
1980_a08afb7a058e2923d90a0ea350c0c066,1980_f9870817c37dd4813976a97e516a7952,T452,T451,Support,1980
1980_8ed46eecf9dd40f80ec925b27db2e328,1980_0d7bd2068287b31eccc1d6b7b7816696,T446,T453,Support,1980
1980_0d7bd2068287b31eccc1d6b7b7816696,1980_a1379e0e902374732587f7e7c7bdb276,T453,T444,Support,1980
1980_ebdc9207671a09a96cf815a2f3aebe8b,1980_e7d3f465c603ce4bbab56204fc75ffc8,T4,T3,Support,1980
1980_265c3a8e61897aa7a6dbcc3b2f2339f7,1980_e7d3f465c603ce4bbab56204fc75ffc8,T455,T3,Support,1980
1980_f07a90015ddccdb8103d740616ebd87b,1980_265c3a8e61897aa7a6dbcc3b2f2339f7,T456,T455,Support,1980
1980_6dd35fb2d1980ab5057588823ae0bfdc,1980_f07a90015ddccdb8103d740616ebd87b,T457,T456,Support,1980
1980_0ee569952a86f4cb8975441044913b79,1980_9a59701f32df0aab756a2231f7213316,T463,T464,Support,1980
1980_6c0c29f69b0e578560d6966ebc01c86d,1980_9a59701f32df0aab756a2231f7213316,T460,T464,Support,1980
1980_b2468ed81c3eeb7f6e9f9b9d00630484,1980_9a59701f32df0aab756a2231f7213316,T459,T464,Support,1980
1980_6285f86a8d65600af91a1a245aa48f82,1980_9a59701f32df0aab756a2231f7213316,T458,T464,Support,1980
1980_9a59701f32df0aab756a2231f7213316,1980_e769300e845551d24038d199c726c03a,T464,T466,Support,1980
1980_cafccc1d053f2e15898c25846d8f6029,1980_fe59c6aa966bf4e35a2d53f70d9b31dd,T462,T461,Support,1980
1980_1bf0189b0e1712b2b25a902a73a3a8c7,1980_fe59c6aa966bf4e35a2d53f70d9b31dd,T467,T461,Support,1980
1980_7731867567a6a62d0f31938a732a2b73,1980_ac853d75c473a8e4ec4e4794b2e95ea5,T465,T6,Support,1980
1980_e46c35b76159d69ee9ebb924ecb225a9,1980_ea406a0106aab8a93835f8bf22f6fb9b,T468,T7,Support,1980
1980_1a10ea16cd9b3287e2d6cda54ac9758b,1980_e46c35b76159d69ee9ebb924ecb225a9,T469,T468,Support,1980
1980_685b670b8b70fdc91195730d28b3fa97,1980_e46c35b76159d69ee9ebb924ecb225a9,T470,T468,Support,1980
1980_b8a5530a308aad79918e40dee2c443de,1980_e46c35b76159d69ee9ebb924ecb225a9,T471,T468,Support,1980
1980_b8a5530a308aad79918e40dee2c443de,1980_566d70bd0fea6e3f07381ecfb9a8893a,T471,T472,Support,1980
1980_d3855e28204098aaf2c61d3dba2c7b85,1980_566d70bd0fea6e3f07381ecfb9a8893a,T473,T472,Support,1980
1980_f1704fc14ae63a2c537bb6e479bfdc1e,1980_370f7adc1bc5b85e3cffb4190c7d7e3e,T2,T1,Support,1980
1980_3cd03e265a20af2dd0872193b71b3da9,1980_d5a0a159f66197a572f0d079bffc0137,T4,T3,Support,1980
1980_dfe6f8bcf8cf1230afea23d84f8b2694,1980_2db3167742925d542ced995af5b507e6,T53,T54,Attack,1980
1980_c1da16a6042013107a9fc80e0f0c7c25,1980_43bc1ac903d761fdf0da38a7a257dd4e,T5,T6,Attack,1980
1980_c1da16a6042013107a9fc80e0f0c7c25,1980_408eca534c447c1582ed049ee2e6bd33,T5,T7,Attack,1980
1980_e2e4655535d3db4d58e7d93d7b2b547b,1980_1d653949ce3662b3b27fef80b211136a,T9,T8,Support,1980
1980_e2e4655535d3db4d58e7d93d7b2b547b,1980_c1da16a6042013107a9fc80e0f0c7c25,T9,T5,Support,1980
1980_1d653949ce3662b3b27fef80b211136a,1980_c1da16a6042013107a9fc80e0f0c7c25,T8,T5,Support,1980
1980_c1da16a6042013107a9fc80e0f0c7c25,1980_cbb38d52dcc47fe943d629e142c5e912,T5,T49,Attack,1980
1980_c1da16a6042013107a9fc80e0f0c7c25,1980_3de74fb76e37a4c07cae0ac897d7eef0,T5,T50,Attack,1980
1980_c96f9ee439e6965ef82111a7015a9466,1980_a3a85a1e5cae33d51566e99f79e25ed4,T11,T12,Attack,1980
1980_c96f9ee439e6965ef82111a7015a9466,1980_3cab0920d2798dea7d7016b9a67fd082,T11,T13,Attack,1980
1980_c96f9ee439e6965ef82111a7015a9466,1980_aff2fbb5664226c2e6fa43da8a488dad,T11,T14,Attack,1980
1980_3cab0920d2798dea7d7016b9a67fd082,1980_aff2fbb5664226c2e6fa43da8a488dad,T13,T14,Support,1980
1980_39f19c98145d569a2c69baa47d47a639,1980_8918bd25494a14ac397a7fd89d560c65,T15,T10,Support,1980
1980_1d653949ce3662b3b27fef80b211136a,1980_8918bd25494a14ac397a7fd89d560c65,T8,T10,Support,1980
1980_c1da16a6042013107a9fc80e0f0c7c25,1980_8918bd25494a14ac397a7fd89d560c65,T5,T10,Support,1980
1980_d4dbfd5ce0e74f2bfed56fd8c5d2f878,1980_c628719ffd031a8466ef00c257472218,T16,T17,Support,1980
1980_e5f40ac9f65f304c86f5564c05847781,1980_3e6766c2526e30749498933a3b0d63f0,T19,T51,Support,1980
1980_3e6766c2526e30749498933a3b0d63f0,1980_d4dbfd5ce0e74f2bfed56fd8c5d2f878,T51,T16,Support,1980
1980_c628719ffd031a8466ef00c257472218,1980_e6b2f877ee4dfc99d5bfc839a02a0938,T17,T20,Support,1980
1980_e6b2f877ee4dfc99d5bfc839a02a0938,1980_8918bd25494a14ac397a7fd89d560c65,T20,T10,Equivalent,1980
1980_c1da16a6042013107a9fc80e0f0c7c25,1980_e6b2f877ee4dfc99d5bfc839a02a0938,T5,T20,Support,1980
1980_1d653949ce3662b3b27fef80b211136a,1980_e6b2f877ee4dfc99d5bfc839a02a0938,T8,T20,Support,1980
1980_39f19c98145d569a2c69baa47d47a639,1980_e6b2f877ee4dfc99d5bfc839a02a0938,T15,T20,Support,1980
1980_17c9e17689fd06d3a5723451d4fc8941,1980_73f60665a0d89378563173a8bb05d491,T21,T23,Support,1980
1980_b921de0108fb00529e39ae9135a3afd3,1980_73f60665a0d89378563173a8bb05d491,T24,T23,Support,1980
1980_48d443511d99ac3e3fbe6394adaa8b57,1980_73f60665a0d89378563173a8bb05d491,T25,T23,Support,1980
1980_5e5a84930559a0648e03603f33197b81,1980_73f60665a0d89378563173a8bb05d491,T26,T23,Support,1980
1980_b921de0108fb00529e39ae9135a3afd3,1980_48d443511d99ac3e3fbe6394adaa8b57,T24,T25,Support,1980
1980_a2a7084eb9ee443466c43be7b9154d9e,1980_e6b2f877ee4dfc99d5bfc839a02a0938,T27,T20,Attack,1980
1980_a2a7084eb9ee443466c43be7b9154d9e,1980_8918bd25494a14ac397a7fd89d560c65,T27,T10,Attack,1980
1980_7102e9a91628ef9af6cb06075fd45546,1980_a2a7084eb9ee443466c43be7b9154d9e,T28,T27,Support,1980
1980_cc6fe9b84324036a3a6c4f61038a7d18,1980_a2a7084eb9ee443466c43be7b9154d9e,T29,T27,Support,1980
1980_cc6fe9b84324036a3a6c4f61038a7d18,1980_7102e9a91628ef9af6cb06075fd45546,T29,T28,Support,1980
1980_cc6fe9b84324036a3a6c4f61038a7d18,1980_9816fd3472d61803102dca18652f659f,T29,T30,Attack,1980
1980_7102e9a91628ef9af6cb06075fd45546,1980_9816fd3472d61803102dca18652f659f,T28,T30,Attack,1980
1980_7687ac51e68e054f8d46e77517147ae9,1980_a2a7084eb9ee443466c43be7b9154d9e,T31,T27,Support,1980
1980_a2a7084eb9ee443466c43be7b9154d9e,1980_4a0dd23a562be3308ad5d6e12515d67a,T27,T33,Support,1980
1980_4a0dd23a562be3308ad5d6e12515d67a,1980_fddb23b4018ba65235a7f614d785a3a4,T33,T22,Support,1980
1980_a2a7084eb9ee443466c43be7b9154d9e,1980_fddb23b4018ba65235a7f614d785a3a4,T27,T22,Support,1980
1980_fddb23b4018ba65235a7f614d785a3a4,1980_d02d93bbfa7b989af6a65c96c46fa127,T22,T35,Support,1980
1980_d02d93bbfa7b989af6a65c96c46fa127,1980_04a2d53d6a4829c015d59c6b34cecf4c,T35,T34,Support,1980
1980_84150634f06593d7d00b205f5c6417b2,1980_dfc26c09b0afa26eb8e24206a736f830,T56,T55,Support,1980
1980_dfc26c09b0afa26eb8e24206a736f830,1980_fddb23b4018ba65235a7f614d785a3a4,T55,T22,Support,1980
1980_a09312f1996e457373b882df5efead3f,1980_04fcb322ba11e9145c4ed92866bda03e,T32,T52,Support,1980
1980_0eb42872256b832219391b176c7976f0,1980_a09312f1996e457373b882df5efead3f,T36,T32,Support,1980
1980_20d01fa4f620b65fa3338bbac25c52f0,1980_0c1a41e9ee59d1e22ebb26578c280c9e,T38,T37,Support,1980
1980_0c1a41e9ee59d1e22ebb26578c280c9e,1980_a09312f1996e457373b882df5efead3f,T37,T32,Support,1980
1980_a09312f1996e457373b882df5efead3f,1980_032d1ce4e96973c926b6524760d1138d,T32,T40,Support,1980
1980_7d6c301bca13aee2f71bbd5301ad805a,1980_ec7f0e48a9dd0b26fb04450a0ef51bf4,T43,T42,Support,1980
1980_a09312f1996e457373b882df5efead3f,1980_ec7f0e48a9dd0b26fb04450a0ef51bf4,T32,T42,Support,1980
1980_f5e8f91c03564b832e7ae9f594ae30c5,1980_ec7f0e48a9dd0b26fb04450a0ef51bf4,T41,T42,Support,1980
1980_fd900917f4cbfa980607b651486a401e,1980_20d01fa4f620b65fa3338bbac25c52f0,T44,T38,Attack,1980
1980_fb1e15b5e987714f0857923aeae5e49e,1980_fd900917f4cbfa980607b651486a401e,T45,T44,Support,1980
1980_fd900917f4cbfa980607b651486a401e,1980_6f1858ff37ff79a7b6c4e04b5fc4c6de,T44,T39,Attack,1980
1980_fd900917f4cbfa980607b651486a401e,1980_a09312f1996e457373b882df5efead3f,T44,T32,Attack,1980
1980_823f415dc22657b117be8eec0fa68421,1980_c233f1b482b4ac2bb38c0de07c05a4fe,T59,T58,Support,1980
1980_b4dfa9cde2482353eb7db67860c543b5,1980_04fcb322ba11e9145c4ed92866bda03e,T48,T52,Attack,1980
1980_6f1858ff37ff79a7b6c4e04b5fc4c6de,1980_0c1a41e9ee59d1e22ebb26578c280c9e,T39,T37,Support,1980
1980_064299fbea9fce7ad4f9c5fa6faf24c1,1980_fb1e15b5e987714f0857923aeae5e49e,T60,T45,Support,1980
1980_c233f1b482b4ac2bb38c0de07c05a4fe,1980_032d1ce4e96973c926b6524760d1138d,T58,T40,Support,1980
1980_8063db799b9d6dcf3f2460a7d86294f8,1980_c8596b5b9a215d5d32b2263b6d1aade0,T211,T1,Support,1980
1980_fd2a3ec0efe5185dcc9a06154c8d79d1,1980_c8596b5b9a215d5d32b2263b6d1aade0,T2,T1,Support,1980
1980_8063db799b9d6dcf3f2460a7d86294f8,1980_8863305dbbec5108a1be73377c2769eb,T211,T212,Support,1980
1980_8863305dbbec5108a1be73377c2769eb,1980_3fea61563890422f39cbc24d2a6b5d86,T212,T213,Attack,1980
1980_8863305dbbec5108a1be73377c2769eb,1980_c8596b5b9a215d5d32b2263b6d1aade0,T212,T1,Support,1980
1980_924816bf792d8feee523245abf9c47d7,1980_3fea61563890422f39cbc24d2a6b5d86,T214,T213,Support,1980
1980_328d62beac542f32de7bc5885a612625,1980_3fea61563890422f39cbc24d2a6b5d86,T215,T213,Support,1980
1980_686a7bc9b5e10ff20356b78f81f26fb5,1980_3fea61563890422f39cbc24d2a6b5d86,T217,T213,Support,1980
1980_78e635f75807a36d07c8e1689017a296,1980_3fea61563890422f39cbc24d2a6b5d86,T216,T213,Attack,1980
1980_a82b389a49469b9441efbe6046742e0a,1980_dbed3bf245ed936c1417135eee46f3a3,T218,T219,Support,1980
1980_78e635f75807a36d07c8e1689017a296,1980_a82b389a49469b9441efbe6046742e0a,T216,T218,Attack,1980
1980_78e635f75807a36d07c8e1689017a296,1980_dbed3bf245ed936c1417135eee46f3a3,T216,T219,Attack,1980
1980_6d3271010d162ea97a9706224432a171,1980_52d6a4e8a47b79579638d75ded8fd974,T222,T223,Support,1980
1980_b39a73872f86c4bbff398056fa737d86,1980_6d3271010d162ea97a9706224432a171,T3,T222,Attack,1980
1980_52d6a4e8a47b79579638d75ded8fd974,1980_a43164bbeca70153d6494020e5d1d737,T223,T224,Support,1980
1980_a43164bbeca70153d6494020e5d1d737,1980_7455e99e94e578b9c4c0e344f8dc74fd,T224,T225,Support,1980
1980_7455e99e94e578b9c4c0e344f8dc74fd,1980_c81d029a2afde81571f340264ca6e9ce,T225,T227,Support,1980
1980_a7ea91d96797c15ce8a0ce1099b59aa4,1980_c81d029a2afde81571f340264ca6e9ce,T226,T227,Support,1980
1980_b39a73872f86c4bbff398056fa737d86,1980_e3b02772344a146f718ce68506cc5d92,T3,T220,Support,1980
1980_e3b02772344a146f718ce68506cc5d92,1980_c81d029a2afde81571f340264ca6e9ce,T220,T227,Attack,1980
1980_e3b02772344a146f718ce68506cc5d92,1980_dff9e24d23c117e4b918528af65fb2b0,T220,T221,Support,1980
1980_78e635f75807a36d07c8e1689017a296,1980_dff9e24d23c117e4b918528af65fb2b0,T216,T221,Support,1980
1980_5d4cae966ba368a7cd53fcb48bb4bcea,1980_074311528d0da9f096c23e22ba61f436,T228,T229,Support,1980
1980_c069b90058f312410cf2a57e248c614c,1980_074311528d0da9f096c23e22ba61f436,T230,T229,Support,1980
1980_2c9d7bf71d6db004ba13d09826997746,1980_69ed89581709bfbcabfb0879a95b2cfe,T231,T232,Support,1980
1980_351176a99b5eaa1c7d89082052d0f3e2,1980_69ed89581709bfbcabfb0879a95b2cfe,T233,T232,Support,1980
1980_1d2b76a33ace5b8074070e11a0f5745d,1980_012d287fbf7acb3f7045b19818341cdc,T4,T5,Support,1980
1980_012d287fbf7acb3f7045b19818341cdc,1980_7a7124f41fccb548ac157d7edeb888b6,T5,T6,Support,1980
1980_7a7124f41fccb548ac157d7edeb888b6,1980_9e6ec05978da19ecb0702400fa9cd7d2,T6,T7,Support,1980
1980_9e6ec05978da19ecb0702400fa9cd7d2,1980_047d62df17ef80540c9e74cdaed156fa,T7,T8,Support,1980
1980_047d62df17ef80540c9e74cdaed156fa,1980_597bbed9a665281e1f8aeb75c4aa5773,T8,T9,Support,1980
1980_597bbed9a665281e1f8aeb75c4aa5773,1980_091de6c3b3be1d88b2657d25a64795d7,T9,T10,Attack,1980
1980_6d141fe77ab22a6bd48441d118a27512,1980_f05319ea40047606c830273fcee7f19e,T235,T234,Support,1980
1980_1e4f722e9862b3307eb08015d9d9828a,1980_f05319ea40047606c830273fcee7f19e,T236,T234,Support,1980
1980_284adae327f8bf5f67f46dc365801fea,1980_f05319ea40047606c830273fcee7f19e,T237,T234,Support,1980
1980_1e4f722e9862b3307eb08015d9d9828a,1980_284adae327f8bf5f67f46dc365801fea,T236,T237,Support,1980
1980_c6ae42c06edd75926d5f678642d71ab0,1980_0f7de951019d6a047af4a5aadc766b63,T243,T244,Support,1980
1980_e2defd0d3e1a0819663d68ed7942318a,1980_284adae327f8bf5f67f46dc365801fea,T238,T237,Support,1980
1980_3fb916e3725382994bd173e783f07983,1980_c84ce543308747afaf51758b85cf3f40,T245,T246,Support,1980
1980_3fb916e3725382994bd173e783f07983,1980_0f7de951019d6a047af4a5aadc766b63,T245,T244,Support,1980
1980_0f7de951019d6a047af4a5aadc766b63,1980_c84ce543308747afaf51758b85cf3f40,T244,T246,Support,1980
1980_bff332260ce7205431adf65dd9ab6e22,1980_c84ce543308747afaf51758b85cf3f40,T247,T246,Support,1980
1980_c84ce543308747afaf51758b85cf3f40,1980_1ad13e6f59176836159ea4ad11f0fa7f,T246,T239,Support,1980
1980_9933705cec84a880f44e5cb025b70611,1980_1ad13e6f59176836159ea4ad11f0fa7f,T240,T239,Support,1980
1980_f05319ea40047606c830273fcee7f19e,1980_1ad13e6f59176836159ea4ad11f0fa7f,T234,T239,Support,1980
1980_e59f1c0e0370156dabf39401e5be4415,1980_9933705cec84a880f44e5cb025b70611,T241,T240,Support,1980
1980_15dbb50a41b81dc3db6559db48c40717,1980_e59f1c0e0370156dabf39401e5be4415,T242,T241,Attack,1980
1980_8bf8da48329e7bcaadbab182bfe53ef8,1980_284adae327f8bf5f67f46dc365801fea,T249,T237,Attack,1980
1980_8bf8da48329e7bcaadbab182bfe53ef8,1980_88703598d5268ac22348cb59c860a03f,T249,T248,Support,1980
1980_88703598d5268ac22348cb59c860a03f,1980_284adae327f8bf5f67f46dc365801fea,T248,T237,Attack,1980
1980_6551ce9e70275b4df8cd674aa60872fe,1980_1ad13e6f59176836159ea4ad11f0fa7f,T252,T239,Attack,1980
1980_6551ce9e70275b4df8cd674aa60872fe,1980_7462d45db2799a280b2633fb8577df46,T252,T250,Support,1980
1980_7462d45db2799a280b2633fb8577df46,1980_7145bed0f9f6acd12590309b15c368af,T250,T251,Support,1980
1980_7145bed0f9f6acd12590309b15c368af,1980_c84ce543308747afaf51758b85cf3f40,T251,T246,Attack,1980
1980_7145bed0f9f6acd12590309b15c368af,1980_1ad13e6f59176836159ea4ad11f0fa7f,T251,T239,Attack,1980
1980_7337170cd1ef60e829ba263cef6e1e6a,1980_9524fe7d82a29b5a7df5b6f2bca06fd5,T253,T254,Support,1980
1980_9524fe7d82a29b5a7df5b6f2bca06fd5,1980_7462d45db2799a280b2633fb8577df46,T254,T250,Attack,1980
1980_a352379db6989a99e19441a2ee5e47d7,1980_9524fe7d82a29b5a7df5b6f2bca06fd5,T255,T254,Support,1980
1980_25366b97228ac4df61399e3f6294ef34,1980_6551ce9e70275b4df8cd674aa60872fe,T256,T252,Attack,1980
1980_25366b97228ac4df61399e3f6294ef34,1980_7462d45db2799a280b2633fb8577df46,T256,T250,Attack,1980
1980_25366b97228ac4df61399e3f6294ef34,1980_297236c56f287f9096876ed5b431f31f,T256,T259,Support,1980
1980_f1809b1b8aadacc927ec3a82348c077c,1980_42be50ea584daa44d267439bfefd43b3,T257,T260,Attack,1980
1980_457bb4c3c752cc25312fa78adfc78121,1980_f1809b1b8aadacc927ec3a82348c077c,T258,T257,Support,1980
1980_13e9ebf3c41cb4345b179aa80b8681f0,1980_297236c56f287f9096876ed5b431f31f,T261,T259,Support,1980
1980_b9e2179e8d80afbcc799c875e2b68b63,1980_13e9ebf3c41cb4345b179aa80b8681f0,T262,T261,Support,1980
1980_37353e21e8d52c7e7a8c2c188635626b,1980_297236c56f287f9096876ed5b431f31f,T263,T259,Support,1980
1980_37353e21e8d52c7e7a8c2c188635626b,1980_13e9ebf3c41cb4345b179aa80b8681f0,T263,T261,Support,1980
1980_70ece5b3a83b318ce5c6202fd0f2db4e,1980_8319b26f397861e2af1dcdb541f8cd15,T153,T154,Support,1980
1980_8319b26f397861e2af1dcdb541f8cd15,1980_bd91822d1a55a4d907635a2d842cc5f6,T154,T152,Support,1980
1980_70ece5b3a83b318ce5c6202fd0f2db4e,1980_bd91822d1a55a4d907635a2d842cc5f6,T153,T152,Support,1980
1980_189767247aac4cd36a90b80895ca7ada,1980_61e98cf2f4aa60b2fab928664436608e,T162,T155,Support,1980
1980_56a05cf5a7c57d8886eb3dd47d2c8325,1980_93954fce2c863f0d7542f115e2952610,T159,T160,Support,1980
1980_93954fce2c863f0d7542f115e2952610,1980_81cd1ee45a83dc8a2103a3088609d1e2,T160,T161,Support,1980
1980_81cd1ee45a83dc8a2103a3088609d1e2,1980_189767247aac4cd36a90b80895ca7ada,T161,T162,Attack,1980
1980_93954fce2c863f0d7542f115e2952610,1980_189767247aac4cd36a90b80895ca7ada,T160,T162,Attack,1980
1980_56a05cf5a7c57d8886eb3dd47d2c8325,1980_189767247aac4cd36a90b80895ca7ada,T159,T162,Attack,1980
1980_7eb49796631bdb5cc6876c97bae4d60f,1980_64fa5eb5a853b67919d09ba36be6872d,T156,T157,Support,1980
1980_64fa5eb5a853b67919d09ba36be6872d,1980_e4269b1499abea86da1f5b8cdf21f3a3,T157,T158,Support,1980
1980_e4269b1499abea86da1f5b8cdf21f3a3,1980_56a05cf5a7c57d8886eb3dd47d2c8325,T158,T159,Support,1980
1980_2c54c67a429675bf685e793251c3a696,1980_86a2d72a64d64c7c658888c927d8e638,T164,T163,Support,1980
1980_d0b933546665325cc1d422245c68e462,1980_2c54c67a429675bf685e793251c3a696,T165,T164,Support,1980
1980_e391a88c4a877ecb2cb2a21493defa9f,1980_86a2d72a64d64c7c658888c927d8e638,T166,T163,Support,1980
1980_d43443681ef40db155bb42ce01a9834a,1980_e391a88c4a877ecb2cb2a21493defa9f,T167,T166,Support,1980
1980_3512ac2d04ec3a1ebe1013734f009f0e,1980_86a2d72a64d64c7c658888c927d8e638,T168,T163,Support,1980
1980_86a2d72a64d64c7c658888c927d8e638,1980_2432db5f043f922688efd5d73e8905ca,T163,T169,Support,1980
1980_70659b366e758c9cb6eb0d51df709b5b,1980_8760e2822354b65da956f6ea1b91e41f,T170,T171,Support,1980
1980_8760e2822354b65da956f6ea1b91e41f,1980_2432db5f043f922688efd5d73e8905ca,T171,T169,Support,1980
1980_1ef7e4cb7db276c6994d5d98f0555485,1980_2432db5f043f922688efd5d73e8905ca,T172,T169,Support,1980
1980_1ef7e4cb7db276c6994d5d98f0555485,1980_8760e2822354b65da956f6ea1b91e41f,T172,T171,Support,1980
1980_59a0dcf3176e19b020454448198ab19f,1980_c06ab0404f63bffab281ad7d0d286f73,T184,T185,Attack,1980
1980_4358b8f2d5ba7751a64fcd9b42293e9d,1980_c06ab0404f63bffab281ad7d0d286f73,T186,T185,Attack,1980
1980_cee79c7864c8d4d11b70b3d23db3d2cc,1980_c06ab0404f63bffab281ad7d0d286f73,T173,T185,Attack,1980
1980_aa78fea996670f1c3cf85c374efb2658,1980_cee79c7864c8d4d11b70b3d23db3d2cc,T174,T173,Support,1980
1980_d68e1a9483f3c8a2daf48bb448493bf5,1980_aa78fea996670f1c3cf85c374efb2658,T175,T174,Support,1980
1980_ec494d6ad0c000a696877dd3b7300de8,1980_aa78fea996670f1c3cf85c374efb2658,T177,T174,Support,1980
1980_ec494d6ad0c000a696877dd3b7300de8,1980_5097188514aaa9c7f3e479746c00fb18,T177,T176,Attack,1980
1980_c895c22efce491aedf25ea8e2114b096,1980_cee79c7864c8d4d11b70b3d23db3d2cc,T178,T173,Support,1980
1980_c895c22efce491aedf25ea8e2114b096,1980_34c1d337689136f6d4fa132e27e19fbd,T178,T179,Support,1980
1980_34c1d337689136f6d4fa132e27e19fbd,1980_0bc6ce08a72df79d475673be07397347,T179,T180,Support,1980
1980_0bc6ce08a72df79d475673be07397347,1980_cee79c7864c8d4d11b70b3d23db3d2cc,T180,T173,Support,1980
1980_f7801425cad0481d1f579b115b7eea34,1980_cb409a2dcf934789b118b9fc560c0907,T182,T181,Support,1980
1980_784c0e498adfbff527fda2b7c3a27515,1980_cb409a2dcf934789b118b9fc560c0907,T183,T181,Support,1980
1980_45b1466916e9f493b8d190d77df88b53,1980_2e4df8e967eab6a682563088832ec689,T189,T188,Support,1980
1980_2e4df8e967eab6a682563088832ec689,1980_e2873e59ee37cb441f755b548da46091,T188,T190,Support,1980
1980_e2873e59ee37cb441f755b548da46091,1980_cee79c7864c8d4d11b70b3d23db3d2cc,T190,T173,Attack,1980
1980_57eabe91b33355aba1acb4ae056e534c,1980_9cec2a8b39c8dad0dd4913c903448b17,T192,T1,Support,1980
1980_a41f5ab94668659efb69dae8099e148f,1980_25fde15b821dde3543e66b57a970c4ba,T194,T195,Support,1980
1980_f7f1110f5561913ffe9230a659f881b1,1980_25fde15b821dde3543e66b57a970c4ba,T196,T195,Support,1980
1980_b07cc2069d6918539218131bdde44f35,1980_2e4df8e967eab6a682563088832ec689,T187,T188,Attack,1980
1980_fce5e1b41dee23313cf2a4317fca4b89,1980_9cec2a8b39c8dad0dd4913c903448b17,T191,T1,Support,1980
1980_7e1227a16f30415d49ab657c4fc4733a,1980_b88e0220e580230ed096f8dc95cf10a8,T198,T199,Support,1980
1980_b88e0220e580230ed096f8dc95cf10a8,1980_1322ec5d597a7e8aea2f37d92e2b5d6f,T199,T200,Attack,1980
1980_27992f50bb9938b78c7f8efa9a18438c,1980_1322ec5d597a7e8aea2f37d92e2b5d6f,T197,T200,Support,1980
1980_4bb2eefe5d85522aaa8858a4067407c9,1980_935e622efcfdfbd862ead9ba1415171a,T202,T201,Support,1980
1980_31d82e4b06b944e036a035f1038f898c,1980_8a772af15f808710e5a50b59174b7f98,T204,T203,Support,1980
1980_31d82e4b06b944e036a035f1038f898c,1980_93cbe74668917741e4af627549e8d148,T204,T205,Support,1980
1980_520d3e7ec3ce70165b248042a0a222bd,1980_93cbe74668917741e4af627549e8d148,T206,T205,Support,1980
1980_d7c62cd77c833974aadb177ee3b16704,1980_45128bea3fe55c69c90d4d921e273c17,T207,T208,Support,1980
1980_31d82e4b06b944e036a035f1038f898c,1980_d7c62cd77c833974aadb177ee3b16704,T204,T207,Support,1980
1980_e9c2ac812f47695862a903468f2804e5,1980_891c24918aade7a6664b3435a0a6eee9,T1,T264,Support,1980
1980_891c24918aade7a6664b3435a0a6eee9,1980_25387b885df7a1b95ce5b1c26f835932,T264,T267,Support,1980
1980_25387b885df7a1b95ce5b1c26f835932,1980_74517eb44f9f31e43ca8bfaccc4664e6,T267,T268,Support,1980
1980_25387b885df7a1b95ce5b1c26f835932,1980_e9c2ac812f47695862a903468f2804e5,T267,T1,Support,1980
1980_74517eb44f9f31e43ca8bfaccc4664e6,1980_e9c2ac812f47695862a903468f2804e5,T268,T1,Support,1980
1980_1eeb7cb04c6b13a375d9453906e9f0dc,1980_74517eb44f9f31e43ca8bfaccc4664e6,T269,T268,Support,1980
1980_1eeb7cb04c6b13a375d9453906e9f0dc,1980_42690f1034cfde2727f804885195c014,T269,T270,Support,1980
1980_42690f1034cfde2727f804885195c014,1980_74517eb44f9f31e43ca8bfaccc4664e6,T270,T268,Support,1980
1980_5b6aa3a8c76bd982266d204a98fc4ebd,1980_41994d917722bf5ef43b20e60e9a29f6,T271,T272,Support,1980
1980_41994d917722bf5ef43b20e60e9a29f6,1980_eae3297bc348d44f7886fc303f6d167c,T272,T273,Support,1980
1980_36782f62610dba01391057fe5643f1dd,1980_ffd9a6c4b344a78d4bb86f288ccffd39,T266,T265,Support,1980
1980_eae3297bc348d44f7886fc303f6d167c,1980_ffd9a6c4b344a78d4bb86f288ccffd39,T273,T265,Support,1980
1980_2260ca41cd7cd5d6fcfc52a45be8fb91,1980_6007abe44817e6791003537bab977069,T275,T274,Support,1980
1980_32672b530a8ad63dfcbd2830597ee76d,1980_2bfdee7f8134e0fdcddc8b5b7dc3590a,T276,T277,Attack,1980
1980_776b9bcaec8a979dc025e5b0a42691bd,1980_32672b530a8ad63dfcbd2830597ee76d,T278,T276,Support,1980
1980_c90a1a2615f812eee5f3f5f9a0c6411c,1980_5631c0f4d19e1ea90c285f534cbb5461,T279,T282,Attack,1980
1980_32672b530a8ad63dfcbd2830597ee76d,1980_c90a1a2615f812eee5f3f5f9a0c6411c,T276,T279,Support,1980
1980_c90a1a2615f812eee5f3f5f9a0c6411c,1980_c9c31d64831ad6bd5f224761df65d1c3,T279,T280,Attack,1980
1980_c90a1a2615f812eee5f3f5f9a0c6411c,1980_171aa5e880b2dfd32ca8f350b604430a,T279,T281,Attack,1980
1980_171aa5e880b2dfd32ca8f350b604430a,1980_5631c0f4d19e1ea90c285f534cbb5461,T281,T282,Attack,1980
1980_664bf9b19809572d2e1883b2f95e4b4d,1980_6efb32a49d32587224d64274114a2c80,T283,T2,Attack,1980
1980_6605f97994db4fb6f4043ee1054e1c96,1980_664bf9b19809572d2e1883b2f95e4b4d,T286,T283,Support,1980
1980_664bf9b19809572d2e1883b2f95e4b4d,1980_58fb0cccc21e7cb145812760cea32b98,T283,T288,Support,1980
1980_6efb32a49d32587224d64274114a2c80,1980_4b1eb14e5786990aca90d03e1d2c9fe2,T2,T287,Support,1980
1980_58fb0cccc21e7cb145812760cea32b98,1980_4b1eb14e5786990aca90d03e1d2c9fe2,T288,T287,Attack,1980
1980_cfca59db6d3c5a2f90b614a2073f6598,1980_e9e6cffad0d9105521d4872f48a8374d,T289,T290,Support,1980
1980_af42914b880b24c562ea3159356b9464,1980_5631c0f4d19e1ea90c285f534cbb5461,T291,T282,Attack,1980
1980_cfca59db6d3c5a2f90b614a2073f6598,1980_af42914b880b24c562ea3159356b9464,T289,T291,Support,1980
1980_e9e6cffad0d9105521d4872f48a8374d,1980_056706d4b6f7dff1988c726770107395,T290,T295,Support,1980
1980_8b0c6bbebd019a21d38f64da415644de,1980_056706d4b6f7dff1988c726770107395,T296,T295,Support,1980
1980_3db0dd2c91f8f3911121a250925a1427,1980_056706d4b6f7dff1988c726770107395,T297,T295,Support,1980
1980_409990a0b9d53a8a833f19f8be1596e6,1980_68c539e9678f730d3d980dcd9d12e514,T294,T293,Support,1980
1980_409990a0b9d53a8a833f19f8be1596e6,1980_c1d3e67ee67e6fb20d511bf33f0aed27,T294,T292,Support,1980
1980_c1d3e67ee67e6fb20d511bf33f0aed27,1980_68c539e9678f730d3d980dcd9d12e514,T292,T293,Support,1980
1980_c1d3e67ee67e6fb20d511bf33f0aed27,1980_e420b23c8a510ddba0218e408a591c13,T292,T298,Support,1980
1980_409990a0b9d53a8a833f19f8be1596e6,1980_e420b23c8a510ddba0218e408a591c13,T294,T298,Support,1980
1980_e420b23c8a510ddba0218e408a591c13,1980_1dbf2975ed88e27fb3e4d30b5050a801,T298,T299,Support,1980
1980_1dbf2975ed88e27fb3e4d30b5050a801,1980_002f153a1fc62907990206414914c0cc,T299,T300,Support,1980
1980_a78ee94076b3b742a46bcb6b98784dfc,1980_f5b553451c64575d2ee7ce756147e837,T301,T302,Support,1980
1980_f5b553451c64575d2ee7ce756147e837,1980_002f153a1fc62907990206414914c0cc,T302,T300,Support,1980
1980_a78ee94076b3b742a46bcb6b98784dfc,1980_002f153a1fc62907990206414914c0cc,T301,T300,Support,1980
1980_a729e055ff5d73e807fd31ad02fc3a64,1980_e01f6b723ea58e2a50dc350d7a2cb24e,T305,T303,Support,1980
1980_e01f6b723ea58e2a50dc350d7a2cb24e,1980_eab435fbf81d27687cf8bab7ef0c69c0,T303,T304,Support,1980
1980_cb479c1ba98068f3acf86d68a6c82476,1980_eab435fbf81d27687cf8bab7ef0c69c0,T306,T304,Attack,1980
1980_f3155ed3e3580c634648258406e3da3c,1980_cb479c1ba98068f3acf86d68a6c82476,T307,T306,Support,1980
1980_40233f5d00ed4e32acb38a0505530105,1980_6c413e1e068f960f8e635959aca52c28,T3,T2,Support,1980
1980_6c413e1e068f960f8e635959aca52c28,1980_d4daa66a564401469b7196200db70de3,T2,T1,Support,1980
1980_40233f5d00ed4e32acb38a0505530105,1980_d4daa66a564401469b7196200db70de3,T3,T1,Support,1980
1980_a6c7aca4f950910bc26a64e029eb727f,1980_eb27d3466d4716267bc36d71022e5e88,T4,T8,Support,1980
1980_2587c06fb1bb745fed4cd142669974b7,1980_eb27d3466d4716267bc36d71022e5e88,T5,T8,Support,1980
1980_677f06d81346ecc0febf1f0b3899ce48,1980_41e99a32ed7192cc644f4301c5850cd8,T6,T7,Support,1980
1980_41e99a32ed7192cc644f4301c5850cd8,1980_eb27d3466d4716267bc36d71022e5e88,T7,T8,Support,1980
1980_98ef06f3c657bfbad103e97934cfb880,1980_399d99b663c992dcf82b314cdd332b61,T10,T11,Support,1980
1980_399d99b663c992dcf82b314cdd332b61,1980_6db3460245d477160a81739a30be2173,T11,T12,Support,1980
1980_6db3460245d477160a81739a30be2173,1980_c65ca28d9c9bf3f4bfb1a6ca0f01ecaa,T12,T13,Support,1980
1980_c65ca28d9c9bf3f4bfb1a6ca0f01ecaa,1980_288c08b0ae05c9e8fe079d4c2a30d6b4,T13,T14,Support,1980
1980_288c08b0ae05c9e8fe079d4c2a30d6b4,1980_1af2649e4dd09ed793988d6607fea915,T14,T15,Support,1980
1980_365d418170830e9f569eefcff925aad8,1980_26ea9a0f3a2fced86988620630f89545,T323,T324,Support,1980
1980_26ea9a0f3a2fced86988620630f89545,1980_c4f7e0b1208e5ad236a2c1c40edff5ad,T324,T325,Support,1980
1980_c4f7e0b1208e5ad236a2c1c40edff5ad,1980_7b549968923096dc7e90465e7cdba1a4,T325,T322,Support,1980
1980_365d418170830e9f569eefcff925aad8,1980_1af2649e4dd09ed793988d6607fea915,T323,T15,Attack,1980
1980_26ea9a0f3a2fced86988620630f89545,1980_1af2649e4dd09ed793988d6607fea915,T324,T15,Attack,1980
1980_c4f7e0b1208e5ad236a2c1c40edff5ad,1980_1af2649e4dd09ed793988d6607fea915,T325,T15,Attack,1980
1980_c4f7e0b1208e5ad236a2c1c40edff5ad,1980_288c08b0ae05c9e8fe079d4c2a30d6b4,T325,T14,Attack,1980
1980_c4f7e0b1208e5ad236a2c1c40edff5ad,1980_c65ca28d9c9bf3f4bfb1a6ca0f01ecaa,T325,T13,Attack,1980
1980_26ea9a0f3a2fced86988620630f89545,1980_6db3460245d477160a81739a30be2173,T324,T12,Attack,1980
1980_c4f7e0b1208e5ad236a2c1c40edff5ad,1980_399d99b663c992dcf82b314cdd332b61,T325,T11,Attack,1980
1980_b0880e9440b010e788e9e2758daf3802,1980_420b33013c93433dadaed807a3b6bd8a,T16,T308,Support,1980
1980_3e592ae96518770709ff18b00e323a50,1980_98ef06f3c657bfbad103e97934cfb880,T309,T10,Attack,1980
1980_3e592ae96518770709ff18b00e323a50,1980_a4af18b3f2998da40d8164cc7873f0eb,T309,T310,Support,1980
1980_a4af18b3f2998da40d8164cc7873f0eb,1980_2015599e1136b8e092ec2f0b7138ce51,T310,T326,Support,1980
1980_1672ae2d21d71f61d1571953ebc66577,1980_a4af18b3f2998da40d8164cc7873f0eb,T9,T310,Support,1980
1980_7a0f3e258b000c91903dd861c2e631f0,1980_10fde888fd1f14dc0e8a8d1cae2cf307,T328,T327,Support,1980
1980_10fde888fd1f14dc0e8a8d1cae2cf307,1980_2d0b16a94e246e613ee32854c4a9a4b6,T327,T311,Support,1980
1980_4fcb1249987f42331f78da836e1b026a,1980_f3155ed3e3580c634648258406e3da3c,T20,T307,Support,1980
1980_af7fb7d675cc2d3e358446f75e5e15dc,1980_90886b9fd8cbc551ea281f708a275ebc,T312,T313,Support,1980
1980_90886b9fd8cbc551ea281f708a275ebc,1980_518216dd85edc35f4f9be081d73894c6,T313,T314,Support,1980
1980_3b61011f3212b3cde07cb9c03be79e0f,1980_c4ca4b9a39ac221c31a2f03abb325666,T17,T18,Support,1980
1980_6da9169351cc92f1fd22f5cd56aebe25,1980_18c127dceeee3f8ad1bb0bacf0d4bd66,T315,T316,Support,1980
1980_18c127dceeee3f8ad1bb0bacf0d4bd66,1980_518216dd85edc35f4f9be081d73894c6,T316,T314,Support,1980
1980_6da9169351cc92f1fd22f5cd56aebe25,1980_5304c9b50ce8cde940f79f349287ff99,T315,T19,Attack,1980
1980_6da9169351cc92f1fd22f5cd56aebe25,1980_dc0ab6c7214f07be0594728a59bbc10d,T315,T21,Attack,1980
1980_6da9169351cc92f1fd22f5cd56aebe25,1980_c4ca4b9a39ac221c31a2f03abb325666,T315,T18,Attack,1980
1980_6da9169351cc92f1fd22f5cd56aebe25,1980_3b61011f3212b3cde07cb9c03be79e0f,T315,T17,Attack,1980
1980_4caf3b48843f3aabb67c1f77e70d78f6,1980_60f31d5bc2260529a5cce3b81948a2ae,T317,T318,Support,1980
1980_1b13f5d8147e69760b6f2de5c2985c67,1980_60f31d5bc2260529a5cce3b81948a2ae,T319,T318,Attack,1980
1980_1b13f5d8147e69760b6f2de5c2985c67,1980_4caf3b48843f3aabb67c1f77e70d78f6,T319,T317,Attack,1980
1980_07297861aee33f4cbcf8689b7d40639a,1980_4db4de43bbb3f2d2a033f6f3489e7933,T331,T332,Support,1980
1980_390d1a8e6e1127473a5744ef2da3f892,1980_4db4de43bbb3f2d2a033f6f3489e7933,T333,T332,Attack,1980
1980_5064c108ca87034ee89fdfcc68ef4265,1980_390d1a8e6e1127473a5744ef2da3f892,T334,T333,Support,1980
1980_188c4599344476cb7d670d7a08a21b48,1980_390d1a8e6e1127473a5744ef2da3f892,T335,T333,Support,1980
1980_f610fa23feaf4f5107f704ddd7b9293d,1980_3b496c9d567870cb27f366657a7a3e37,T320,T321,Support,1980
1980_188c4599344476cb7d670d7a08a21b48,1980_f610fa23feaf4f5107f704ddd7b9293d,T335,T320,Support,1980
1980_5064c108ca87034ee89fdfcc68ef4265,1980_f610fa23feaf4f5107f704ddd7b9293d,T334,T320,Support,1980
