subj,subj_type,subj_span,obj,obj_type,obj_span,relation
They're hurting,Claim,"(3071, 3086)",they're angry,Claim,"(3056, 3069)",Support
we've been living beyond our means,Premise,"(13642, 13676)",we're going to have to make some adjustments,Claim,"(13681, 13725)",Support
"Senator Obama, your campaign has used words like ""erratic,"" ""out of touch,"" ""lie,"" ""angry,"" ""losing his bearings"" to describe Senator McCain",Premise,"(24486, 24626)",Both of you pledged to take the high road in this campaign yet it has turned very nasty,Claim,"(24386, 24473)",Support
It's not just that he has some of the best foreign policy credentials of anybody,Premise,"(39401, 39481)","Joe Biden, I think, is one of the finest public servants that has served in this country",Claim,"(39311, 39399)",Support
That's not appropriate to do,Claim,"(64422, 64450)",I would never and have never in all the years I've been there imposed a litmus test on any nominee to the court,Claim,"(64309, 64420)",Support
they were graphically demonstrated again today,Premise,"(84337, 84383)",these are very difficult times and challenges for America,Premise,"(84274, 84331)",Support
"They're innocent victims of greed and excess on Wall Street and as well as Washington, D.C.",Premise,"(3107, 3198)",They're hurting,Claim,"(3071, 3086)",Support
what I've done throughout this campaign is to propose a net spending cut,Premise,"(13732, 13804)",we're going to have to make some adjustments,Claim,"(13681, 13725)",Support
"Senator McCain, your commercials have included words like ""disrespectful,"" ""dangerous,"" ""dishonorable,"" ""he lied.""",Premise,"(24628, 24742)",Both of you pledged to take the high road in this campaign yet it has turned very nasty,Claim,"(24386, 24473)",Support
"Democrats and Republicans alike, I think, acknowledge his expertise there",Premise,"(39487, 39560)","Joe Biden, I think, is one of the finest public servants that has served in this country",Claim,"(39311, 39399)",Support
I'm a federalist,Premise,"(64669, 64685)",I think that decisions should rest in the hands of the states,Claim,"(64606, 64667)",Support
these are very difficult times and challenges for America,Premise,"(84274, 84331)",America needs a new direction,Claim,"(84385, 84414)",Support
Americans are hurting right now,Claim,"(3019, 3050)",they're angry,Claim,"(3056, 3069)",Support
"Every dollar that I've proposed, I've proposed an additional cut so that it matches",Claim,"(14052, 14135)",I have been a strong proponent of pay-as- you-go,Claim,"(14002, 14050)",Support
"Your running mate said he ""palled around with terrorists.""",Premise,"(24743, 24801)",Both of you pledged to take the high road in this campaign yet it has turned very nasty,Claim,"(24386, 24473)",Support
"his entire life he has never forgotten where he came from, coming from Scranton, fighting on behalf of working families, remembering what it's like to see his father lose his job and go through a downward spiral economically",Premise,"(39581, 39805)","Joe Biden, I think, is one of the finest public servants that has served in this country",Claim,"(39311, 39399)",Support
I think there were a lot of decisions that were bad,Claim,"(64553, 64604)",I think that decisions should rest in the hands of the states,Claim,"(64606, 64667)",Support
We cannot be satisfied with what we've been doing for the last eight years,Claim,"(84416, 84490)",America needs a new direction,Claim,"(84385, 84414)",Support
they have every reason to be angry,Claim,"(3222, 3256)",they're angry,Claim,"(3056, 3069)",Support
It doesn't -- under the Medicare plan -- it doesn't help seniors get any better,Premise,"(14260, 14339)",It's not improving our health care system,Premise,"(14341, 14382)",Support
It's been a very tough campaign,Claim,"(25046, 25077)",this has been a tough campaign,Claim,"(25014, 25044)",Support
"Joe Biden, I think, is one of the finest public servants that has served in this country",Claim,"(39311, 39399)","as a consequence, his consistent pattern throughout his career is to fight for the little guy",Claim,"(39812, 39905)",Support
I thought it was a bad decision,Claim,"(64520, 64551)",I think that decisions should rest in the hands of the states,Claim,"(64606, 64667)",Support
"taking on my party, the other party, the special interests, whether it be an HMO Patients' Bill of Rights, or trying to clean up the campaign finance system in -- in this country, or whether it be establishment of a 9/11 Commission, I have a long record of it",Premise,"(84523, 84782)",I have a record of reform,Claim,"(84492, 84517)",Support
they want this country to go in a new direction,Claim,"(3262, 3309)",they have every reason to be angry,Claim,"(3222, 3256)",Support
It's not improving our health care system,Premise,"(14341, 14382)",It's just a giveaway,Claim,"(14384, 14404)",Support
"I know from my experience in many campaigns that, if Senator Obama had asked -- responded to my urgent request to sit down, and do town hall meetings, and come before the American people",Premise,"(25083, 25269)",we could have done at least 10 of them by now,Claim,"(25271, 25316)",Support
That's what he's done when it comes to economic policies that will help working families get a leg up,Premise,"(39907, 40008)",Joe has always made sure that he is fighting on behalf of working families,Premise,"(40135, 40209)",Support
I believe strongly that we should have nominees to the United States Supreme Court based on their qualifications rather than any litmus test,Claim,"(64691, 64831)",I would never and have never in all the years I've been there imposed a litmus test on any nominee to the court,Claim,"(64309, 64420)",Support
I've been a careful steward of your tax dollars,Premise,"(84788, 84835)",I have a record of reform,Claim,"(84492, 84517)",Support
"until we reverse this continued decline in home ownership and put a floor under it, and so that people have not only the hope and belief they can stay in their homes and realize the American dream",Premise,"(3717, 3913)",Let me just talk to you about one of the short-term fixes,Premise,"(3471, 3528)",Support
"just to give you an example, we spend $15 billion a year on subsidies to insurance companies",Premise,"(14166, 14258)",It's just a giveaway,Claim,"(14384, 14404)",Support
we could have done at least 10 of them by now,Claim,"(25271, 25316)",I think the tone of this campaign could have been very different,Claim,"(25494, 25558)",Support
"That's what he's done when it comes to, for example, passing the landmark 1994 crime bill, the Violence Against Women's Act",Premise,"(40010, 40133)",Joe has always made sure that he is fighting on behalf of working families,Premise,"(40135, 40209)",Support
Republicans wanted to have just a majority vote to confirm a judge and the Democrats were blocking in an unprecedented fashion,Premise,"(64939, 65065)",there was a time a few years ago when the United States Senate was about to blow up,Premise,"(64854, 64937)",Support
which has mortgaged your children's futures,Premise,"(85045, 85088)",We have to stop the spending,Claim,"(84985, 85013)",Support
we have allocated $750 billion,Premise,"(3949, 3979)",Let me just talk to you about one of the short-term fixes,Premise,"(3471, 3528)",Support
It's just a giveaway,Claim,"(14384, 14404)",We need to eliminate a whole host of programs that don't work,Claim,"(14406, 14467)",Support
"When Senator Obama was first asked, he said, ""Any place, any time,"" the way Barry Goldwater and Jack Kennedy agreed to do, before the intervention of the tragedy at Dallas",Premise,"(25318, 25489)",I think the tone of this campaign could have been very different,Claim,"(25494, 25558)",Support
"after eight years of failed policies, he and I both agree that what we're going to have to do is to reprioritize",Claim,"(40303, 40415)",I think he shares my core values and my sense of where the country needs to go,Claim,"(40215, 40293)",Support
"Not because I agreed with their ideology, but because I thought they were qualified and that elections have consequences when presidents are nominated",Premise,"(65297, 65447)",I voted for Justice Breyer and Justice Ginsburg,Premise,"(65248, 65295)",Support
We have to stop the spending,Claim,"(84985, 85013)",We have to stop the spending,Claim,"(84985, 85013)",Equivalent
"so that they can afford to pay the mortgage, stay in their home",Premise,"(4130, 4193)","Let's take 300 of that billion and go in and buy those home loan mortgages and negotiate with those people in their homes, 11 million homes or more",Claim,"(3981, 4128)",Support
We need to eliminate a whole host of programs that don't work,Claim,"(14406, 14467)","I want to go through the federal budget line by line, page by page, programs that don't work, we should cut",Claim,"(14473, 14580)",Support
it has taken many turns which I think are unacceptable,Claim,"(25685, 25739)",I regret some of the negative aspects of both campaigns,Claim,"(25607, 25662)",Support
make sure that we're investing in the American people,Claim,"(40417, 40470)",I think he shares my core values and my sense of where the country needs to go,Claim,"(40215, 40293)",Support
Senator Obama voted against Justice Breyer and Justice Roberts on the grounds that they didn't meet his ideological standards,Premise,"(65501, 65626)",That's not the way we should judge these nominees,Claim,"(65628, 65677)",Support
I've spent my entire life in the service of this nation and putting my country first,Premise,"(85531, 85615)","I've asked you not only to examine my record, but my proposals for the future of this country",Claim,"(85436, 85529)",Support
We ought to put the homeowners first,Claim,"(4454, 4490)",we've got to reverse this,Claim,"(4427, 4452)",Support
If we invest now in our young people and their ability to go to college,Premise,"(15079, 15150)",that will allow them to drive this economy into the 21st century,Claim,"(15152, 15216)",Support
it's gotten pretty tough,Premise,"(25577, 25601)",I regret some of the negative aspects of both campaigns,Claim,"(25607, 25662)",Support
"give tax cuts not to the wealthiest corporations, but give them to small businesses and give them to individuals who are struggling right now",Claim,"(40472, 40613)",I think he shares my core values and my sense of where the country needs to go,Claim,"(40215, 40293)",Support
This is a very important issue we're talking about,Premise,"(65449, 65499)",That's not the way we should judge these nominees,Claim,"(65628, 65677)",Support
There's a long line of McCains that have served our country for a long time in war and in peace,Premise,"(85617, 85712)","I've asked you not only to examine my record, but my proposals for the future of this country",Claim,"(85436, 85529)",Support
we are experiencing the worst financial crisis since the Great Depression,Premise,"(4856, 4929)",the financial rescue plan that Senator McCain and I supported is an important first step,Claim,"(4935, 5023)",Support
If we invest in a serious energy policy,Premise,"(14948, 14987)",that will save in the amount of money we're borrowing from China to send to Saudi Arabia,Claim,"(14989, 15077)",Support
I think the tone of this campaign could have been very different,Claim,"(25494, 25558)",I regret some of the negative aspects of both campaigns,Claim,"(25607, 25662)",Support
something that has been languishing in Washington for 30 years,Premise,"(40680, 40742)",make sure that we finally get serious about energy independence,Claim,"(40615, 40678)",Support
Elections have consequences,Premise,"(65679, 65706)",This is a very important issue we're talking about,Premise,"(65449, 65499)",Support
"it's been the great honor of my life, and I've been proud to serve",Premise,"(85714, 85780)","I've asked you not only to examine my record, but my proposals for the future of this country",Claim,"(85436, 85529)",Support
I pushed for some core principles: making sure that taxpayer can get their money back if they're putting money up,Claim,"(5029, 5142)",the financial rescue plan that Senator McCain and I supported is an important first step,Claim,"(4935, 5023)",Support
that we are preventing diseases,Premise,"(14860, 14891)",If we make investments now so that people have coverage,Premise,"(14803, 14858)",Support
"One of them happened just the other day, when a man I admire and respect -- I've written about him -- Congressman John Lewis, an American hero, made allegations that Sarah Palin and I were somehow associated with the worst chapter in American history, segregation, deaths of children in church bombings, George Wallace",Premise,"(25741, 26059)",it has taken many turns which I think are unacceptable,Claim,"(25685, 25739)",Support
make sure that we finally get serious about energy independence,Claim,"(40615, 40678)",I think he shares my core values and my sense of where the country needs to go,Claim,"(40215, 40293)",Support
They should be judged on their qualifications,Premise,"(65708, 65753)",That's not the way we should judge these nominees,Claim,"(65628, 65677)",Support
I hope you'll give me an opportunity to serve again,Premise,"(85786, 85837)",I'd be honored and humbled,Claim,"(85839, 85865)",Support
Making sure that CEOs are not enriching themselves through this process,Claim,"(5144, 5215)",the financial rescue plan that Senator McCain and I supported is an important first step,Claim,"(4935, 5023)",Support
If we make investments now so that people have coverage,Premise,"(14803, 14858)",that will save on Medicare and Medicaid in the future,Claim,"(14893, 14946)",Support
I regret some of the negative aspects of both campaigns,Claim,"(25607, 25662)",we will run a truthful campaign,Claim,"(26425, 26456)",Support
make sure that our kids get a great education and can afford to go to college,Claim,"(40748, 40825)",I think he shares my core values and my sense of where the country needs to go,Claim,"(40215, 40293)",Support
That's not the way we should judge these nominees,Claim,"(65628, 65677)",that's what I will do,Claim,"(65762, 65783)",Support
The policies of the last eight years and -- and Washington's unwillingness to tackle the tough problems for decades has left us in the worst economic crisis since the Great Depression,Premise,"(86023, 86206)",the biggest risk we could take right now is to adopt the same failed policies and the same failed politics that we've seen over the last eight years and somehow expect a different result,Claim,"(86223, 86409)",Support
the fundamentals of the economy were weak even before this latest crisis,Premise,"(5362, 5434)",what we haven't yet seen is a rescue package for the middle class,Claim,"(5287, 5352)",Support
we're not going to be able to go back to our profligate ways,Claim,"(15365, 15425)","we're going to have to embrace a culture and an ethic of responsibility, all of us, corporations, the federal government, and individuals out there who may be living beyond their means",Claim,"(15431, 15615)",Support
This is a tough campaign,Premise,"(26458, 26482)",we will run a truthful campaign,Claim,"(26425, 26456)",Support
I think he shares my core values and my sense of where the country needs to go,Claim,"(40215, 40293)","on the key issues that are of importance to American families, Joe Biden's always been on the right side",Claim,"(40831, 40935)",Support
I will find the best people in the world -- in the United States of America who have a history of strict adherence to the Constitution,Claim,"(65785, 65919)",that's what I will do,Claim,"(65762, 65783)",Support
the biggest risk we could take right now is to adopt the same failed policies and the same failed politics that we've seen over the last eight years and somehow expect a different result,Claim,"(86223, 86409)",We need fundamental change in this country,Claim,"(86411, 86453)",Support
what we haven't yet seen is a rescue package for the middle class,Claim,"(5287, 5352)",I've proposed four specific things that I think can help,Claim,"(5439, 5495)",Support
they went out and bought up these mortgages,Premise,"(15816, 15859)","During the Depression era, we had a thing called the home ownership loan corporation",Premise,"(15726, 15810)",Support
"That, to me, was so hurtful",Premise,"(26061, 26088)",it has taken many turns which I think are unacceptable,Claim,"(25685, 25739)",Support
"on the key issues that are of importance to American families, Joe Biden's always been on the right side",Claim,"(40831, 40935)","I think he will make an outstanding president if, heaven forbid, something happened to me",Claim,"(40941, 41030)",Support
not legislating from the bench,Claim,"(65925, 65955)",I will find the best people in the world -- in the United States of America who have a history of strict adherence to the Constitution,Claim,"(65785, 65919)",Support
that's what I'd like to bring,Claim,"(86459, 86488)",We need fundamental change in this country,Claim,"(86411, 86453)",Support
let's focus on jobs,Claim,"(5509, 5528)",I've proposed four specific things that I think can help,Claim,"(5439, 5495)",Support
people were able to stay in their homes,Premise,"(15865, 15904)","During the Depression era, we had a thing called the home ownership loan corporation",Premise,"(15726, 15810)",Support
"Senator Obama, you didn't repudiate those remarks",Premise,"(26095, 26144)",it has taken many turns which I think are unacceptable,Claim,"(25685, 25739)",Support
She's a reformer,Claim,"(41197, 41213)",she's a role model to women and other -- and reformers all over America,Claim,"(41124, 41195)",Support
I think it's true that we shouldn't apply a strict litmus test and the most important thing in any judge is their capacity to provide fairness and justice to the American people,Claim,"(66330, 66507)",I certainly would not impose any litmus test,Claim,"(66249, 66293)",Support
in tax cuts for the middle class,Claim,"(86819, 86851)",we're going to have to invest in the American people again,Claim,"(86759, 86817)",Support
I want to end the tax breaks for companies that are shipping jobs overseas and provide a tax credit for every company that's creating a job right here in America,Claim,"(5530, 5691)",let's focus on jobs,Claim,"(5509, 5528)",Support
"During the Depression era, we had a thing called the home ownership loan corporation",Premise,"(15726, 15810)","eventually the values of those homes went up, and they actually made money",Premise,"(15910, 15984)",Support
I can prove it,Claim,"(26610, 26624)",Senator Obama has spent more money on negative ads than any political campaign in history,Claim,"(26515, 26604)",Support
"When she was the head of their energy and natural resources board, she saw corruption, she resigned and said, ""This can't go on.""",Premise,"(41309, 41438)",She's given money back to the taxpayers,Premise,"(41439, 41478)",Support
I would not provide a litmus test,Claim,"(66778, 66811)",I certainly would not impose any litmus test,Claim,"(66249, 66293)",Equivalent
in health care for all Americans,Claim,"(86853, 86885)",we're going to have to invest in the American people again,Claim,"(86759, 86817)",Support
"let's help families right away by providing them a tax cut -- a middle-class tax cut for people making less than $200,000",Claim,"(5705, 5826)",I've proposed four specific things that I think can help,Claim,"(5439, 5495)",Support
"eventually the values of those homes went up, and they actually made money",Premise,"(15910, 15984)","if we can start increasing home values, then there will be creation of wealth",Claim,"(16080, 16157)",Support
"when you looked into the camera in a debate with Senator Clinton and said, ""I will sit down and negotiate with John McCain about public financing before I make a decision,""",Premise,"(26845, 27017)",you didn't tell the American people the truth,Claim,"(27018, 27063)",Support
She's given money back to the taxpayers,Premise,"(41439, 41478)",She's a reformer,Claim,"(41197, 41213)",Support
It is very likely that one of us will be making at least one and probably more than one appointments and Roe versus Wade probably hangs in the balance,Premise,"(66622, 66772)","it is true that this is going to be, I think, one of the most consequential decisions of the next president",Claim,"(66513, 66620)",Support
college for every young person who wants to go,Claim,"(86891, 86937)",we're going to have to invest in the American people again,Claim,"(86759, 86817)",Support
let's allow them to access their IRA accounts without penalty if they're experiencing a crisis,Claim,"(5832, 5926)","let's help families right away by providing them a tax cut -- a middle-class tax cut for people making less than $200,000",Claim,"(5705, 5826)",Support
We have to stop sending $700 billion a year to countries that don't like us very much,Claim,"(16368, 16453)",We have to have nuclear power,Claim,"(16337, 16366)",Support
you didn't,Premise,"(26110, 26120)",you didn't tell the American people the truth,Claim,"(27018, 27063)",Support
she took on a governor who was a member of her own party when she ran for governor,Premise,"(41225, 41307)",She's a reformer,Claim,"(41197, 41213)",Support
"what ultimately I believe is that women in consultation with their families, their doctors, their religious advisers, are in the best position to make this decision",Claim,"(67026, 67190)",I think that abortion is a very difficult issue and it is a moral issue and one that I think good people on both sides can disagree on,Claim,"(66886, 67020)",Support
we're going to have to invest in the American people again,Claim,"(86759, 86817)",I'm sure that our brighter days are still ahead,Claim,"(86706, 86753)",Support
I agree with your idea that we've got to help homeowners,Premise,"(5951, 6007)",We ought to put the homeowners first,Claim,"(4454, 4490)",Support
We have to have nuclear power,Claim,"(16337, 16366)",the point is that we become energy independent and we will create millions of jobs -- millions of jobs in America,Claim,"(16558, 16671)",Support
you didn't tell the American people the truth,Claim,"(27018, 27063)",that's an unfortunate part,Claim,"(27108, 27134)",Support
She's cut the size of government,Premise,"(41480, 41512)",She's a reformer,Claim,"(41197, 41213)",Support
I think that abortion is a very difficult issue and it is a moral issue and one that I think good people on both sides can disagree on,Claim,"(66886, 67020)",this is going to be an important issue,Claim,"(67473, 67511)",Support
In businesses that can create the new energy economy of the future,Claim,"(86939, 87005)",I'm sure that our brighter days are still ahead,Claim,"(86706, 86753)",Support
I am disappointed that Secretary Paulson and others have not made that their first priority,Premise,"(4496, 4587)",We ought to put the homeowners first,Claim,"(4454, 4490)",Support
we've got to have a new direction for this country,Claim,"(16928, 16978)","I would have, first of all, across-the-board spending freeze",Claim,"(16703, 16763)",Support
"Senator Obama, when he said -- and he signed a piece of paper that said he would take public financing for his campaign if I did -- that was back when he was a long-shot candidate -- you didn't keep your word",Premise,"(26631, 26839)",that's an unfortunate part,Claim,"(27108, 27134)",Support
"She negotiated with the oil companies and faced them down, a $40 billion pipeline of natural gas that's going to relieve the energy needs of the United -- of what they call the lower 48",Premise,"(41514, 41699)",She's a reformer,Claim,"(41197, 41213)",Support
I think that the Constitution has a right to privacy in it that shouldn't be subject to state referendum,Claim,"(67196, 67300)",this is going to be an important issue,Claim,"(67473, 67511)",Support
In policies that will lift wages and will grow our middle class,Claim,"(87007, 87070)",I'm sure that our brighter days are still ahead,Claim,"(86706, 86753)",Support
"the way Senator McCain has designed his plan, it could be a giveaway to banks if we're buying full price for mortgages that now are worth a lot less",Premise,"(6200, 6348)",I disagree with Senator McCain in how to do it,Claim,"(6144, 6190)",Support
we have presided over the largest increase,Premise,"(16882, 16924)",we've got to have a new direction for this country,Claim,"(16928, 16978)",Support
we have the highest spending by Senator Obama's campaign than any time since Watergate,Claim,"(27140, 27226)",that's an unfortunate part,Claim,"(27108, 27134)",Support
She understands reform,Claim,"(41998, 42020)",She'll be my partner,Claim,"(41976, 41996)",Support
any more than our First Amendment rights are subject to state referendum,Premise,"(67302, 67374)",I think that the Constitution has a right to privacy in it that shouldn't be subject to state referendum,Claim,"(67196, 67300)",Support
These are the policies I have fought for my entire career,Premise,"(87072, 87129)",these are the policies I want to bring to the White House,Claim,"(87135, 87192)",Support
we don't want to waste taxpayer money,Premise,"(6354, 6391)",I disagree with Senator McCain in how to do it,Claim,"(6144, 6190)",Support
$10 trillion dollar debt we're giving to our kids,Premise,"(17118, 17167)",Government spending has gone completely out of control,Claim,"(17062, 17116)",Support
Senator Obama has spent more money on negative ads than any political campaign in history,Claim,"(26515, 26604)",we have the highest spending by Senator Obama's campaign than any time since Watergate,Claim,"(27140, 27226)",Support
She's a reformer through and through,Claim,"(41701, 41737)",She'll be my partner,Claim,"(41976, 41996)",Support
any more than many of the other rights that we have should be subject to popular vote,Premise,"(67376, 67461)",I think that the Constitution has a right to privacy in it that shouldn't be subject to state referendum,Claim,"(67196, 67300)",Support
these are the policies I want to bring to the White House,Claim,"(87135, 87192)",I'm sure that our brighter days are still ahead,Claim,"(86706, 86753)",Support
We've got to fix our energy policy that's giving our wealth away,Premise,"(6598, 6662)",We've got some long-term challenges in this economy that have to be dealt with,Claim,"(6518, 6596)",Support
a half-a-trillion dollars we owe China,Premise,"(17169, 17207)",Government spending has gone completely out of control,Claim,"(17062, 17116)",Support
It's not true,Claim,"(27686, 27699)","100 percent, John, of your ads -- 100 percent of them have been negative",Claim,"(27604, 27676)",Attack
it's time we had that bresh of freth air (sic) -- breath of fresh air coming into our nation's capital and sweep out the old-boy network and the cronyism that's been so much a part of it that I've fought against for all these years,Claim,"(41743, 41974)",She'll be my partner,Claim,"(41976, 41996)",Support
who have the intellect,Claim,"(67583, 67605)",I will look for those judges who have an outstanding judicial record,Claim,"(67513, 67581)",Support
it's not going to be easy,Claim,"(87198, 87223)",these are the policies I want to bring to the White House,Claim,"(87135, 87192)",Attack
We've got some long-term challenges in this economy that have to be dealt with,Claim,"(6518, 6596)",I've proposed four specific things that I think can help,Claim,"(5439, 5495)",Support
I oppose subsidies for ethanol because I thought it distorted the market and created inflation,Premise,"(17476, 17570)",Another one would be a number of subsidies for ethanol,Claim,"(17420, 17474)",Support
It absolutely is true,Claim,"(27708, 27729)",It's not true,Claim,"(27686, 27699)",Attack
she also understands special-needs families,Claim,"(42039, 42082)",She'll be my partner,Claim,"(41976, 41996)",Support
who hopefully have a sense of what real-world folks are going through,Claim,"(67611, 67680)",I will look for those judges who have an outstanding judicial record,Claim,"(67513, 67581)",Support
It's not going to be quick,Claim,"(87225, 87251)",these are the policies I want to bring to the White House,Claim,"(87135, 87192)",Attack
We've got to fix our health care system,Premise,"(6664, 6703)",We've got some long-term challenges in this economy that have to be dealt with,Claim,"(6518, 6596)",Support
"I saved the taxpayer $6.8 billion by fighting a deal for a couple of years, as you might recall, that was a sweetheart deal between an aircraft manufacturer, DOD, and people ended up in jail",Premise,"(17720, 17910)",I know how to save billions,Claim,"(17209, 17236)",Support
I think the American people are less interested in our hurt feelings during the course of the campaign than addressing the issues that matter to them so deeply,Claim,"(27741, 27900)","That, to me, was so hurtful",Premise,"(26061, 26088)",Attack
"She understands that autism is on the rise, that we've got to find out what's causing it",Premise,"(42084, 42172)",she also understands special-needs families,Claim,"(42039, 42082)",Support
this is going to be an important issue,Claim,"(67473, 67511)",I will look for those judges who have an outstanding judicial record,Claim,"(67513, 67581)",Support
It's not going to be quick,Claim,"(87225, 87251)","It is going to be requiring all of us -- Democrats, Republicans, independents -- to come together and to renew a spirit of sacrifice and service and responsibility",Claim,"(87253, 87416)",Support
we've got to invest in our education system for every young person to be able to learn,Premise,"(6708, 6794)",We've got some long-term challenges in this economy that have to be dealt with,Claim,"(6518, 6596)",Support
Senator Obama has asked for nearly $1 billion in pork-barrel earmark projects,Premise,"(18011, 18088)",That's not the way we cut -- we'll cut out all the pork,Claim,"(18207, 18262)",Support
"if you look at the record and the impressions of the American people -- Bob, your network just did a poll, showing that two-thirds of the American people think that Senator McCain is running a negative campaign versus one-third of mine",Premise,"(27363, 27598)",Senator Obama has spent more money on negative ads than any political campaign in history,Claim,"(26515, 26604)",Attack
"we've got to reach out to these families, and help them, and give them the help they need as they raise these very special needs children",Premise,"(42178, 42315)",I'm proud of her,Claim,"(42383, 42399)",Support
Senator McCain and I disagreed recently when the Supreme Court made it more difficult for a woman named Lilly Ledbetter to press her claim for pay discrimination,Premise,"(67720, 67881)",I'll just give you one quick example,Premise,"(67682, 67718)",Support
it's not going to be easy,Claim,"(87198, 87223)","It is going to be requiring all of us -- Democrats, Republicans, independents -- to come together and to renew a spirit of sacrifice and service and responsibility",Claim,"(87253, 87416)",Support
we've got to get the financial package working much quicker than it has been working,Claim,"(6397, 6481)",I've proposed four specific things that I think can help,Claim,"(5439, 5495)",Support
including $3 million for an overhead projector in a planetarium in his hometown,Premise,"(18126, 18205)",That's not the way we cut -- we'll cut out all the pork,Claim,"(18207, 18262)",Support
"there is nothing wrong with us having a vigorous debate like we're having tonight about health care, about energy policy, about tax policy",Claim,"(27906, 28044)",I think that we expect presidential campaigns to be tough,Claim,"(27290, 27347)",Support
She understands that better than almost any American that I know,Claim,"(42317, 42381)",I'm proud of her,Claim,"(42383, 42399)",Support
"For years, she had been getting paid less than a man had been paid for doing the exact same job",Premise,"(67883, 67978)",Senator McCain and I disagreed recently when the Supreme Court made it more difficult for a woman named Lilly Ledbetter to press her claim for pay discrimination,Premise,"(67720, 67881)",Support
"It is going to be requiring all of us -- Democrats, Republicans, independents -- to come together and to renew a spirit of sacrifice and service and responsibility",Claim,"(87253, 87416)",I'm absolutely convinced we can do it,Claim,"(87418, 87455)",Support
he wanted to buy the business but he looked at your tax plan and he saw that he was going to pay much higher taxes,Premise,"(7132, 7246)",You were going to put him in a higher tax bracket which was going to increase his taxes,Claim,"(7248, 7335)",Support
there are some programs that don't work at all,Premise,"(18548, 18594)","an across-the-board spending freeze is a hatchet, and we do need a scalpel",Claim,"(18464, 18538)",Support
That's the stuff that campaigns should be made of,Premise,"(28046, 28095)","there is nothing wrong with us having a vigorous debate like we're having tonight about health care, about energy policy, about tax policy",Claim,"(27906, 28044)",Support
I'm proud of her,Claim,"(42383, 42399)",she's a role model to women and other -- and reformers all over America,Claim,"(41124, 41195)",Support
I'm absolutely convinced we can do it,Claim,"(87418, 87455)","I promise you that if you give me the extraordinary honor of serving as your president, I will work every single day, tirelessly, on your behalf and on the behalf of the future of our children",Claim,"(87488, 87680)",Support
"Joe wants to buy the business that he has been in for all of these years, worked 10, 12 hours a day",Premise,"(7027, 7126)","I would like to mention that a couple days ago Senator Obama was out in Ohio and he had an encounter with a guy who's a plumber, his name is Joe Wurzelbacher",Premise,"(6868, 7025)",Support
It doesn't happen,Premise,"(18431, 18448)",I think that we do have a disagreement about an across-the-board spending freeze,Claim,"(18305, 18385)",Support
I don't mind being attacked for the next three weeks,Premise,"(28349, 28401)","there is nothing wrong with us having a vigorous debate like we're having tonight about health care, about energy policy, about tax policy",Claim,"(27906, 28044)",Support
she has ignited our party and people all over America that have never been involved in the political process,Premise,"(42405, 42513)",she's a role model to women and other -- and reformers all over America,Claim,"(41124, 41195)",Support
I'm sure that our brighter days are still ahead,Claim,"(86706, 86753)","I promise you that if you give me the extraordinary honor of serving as your president, I will work every single day, tirelessly, on your behalf and on the behalf of the future of our children",Claim,"(87488, 87680)",Support
which was going to cause him not to be able to employ people,Claim,"(7337, 7397)",You were going to put him in a higher tax bracket which was going to increase his taxes,Claim,"(7248, 7335)",Support
"an across-the-board spending freeze is a hatchet, and we do need a scalpel",Claim,"(18464, 18538)",I think that we do have a disagreement about an across-the-board spending freeze,Claim,"(18305, 18385)",Support
"What the American people can't afford, though, is four more years of failed economic policies",Claim,"(28403, 28496)",I think the American people are less interested in our hurt feelings during the course of the campaign than addressing the issues that matter to them so deeply,Claim,"(27741, 27900)",Support
"Her husband's a pretty tough guy, by the way, too",Premise,"(42570, 42619)",I can't tell how proud I am of her and her family,Claim,"(42519, 42568)",Support
which Joe was trying to realize the American dream,Claim,"(7399, 7449)",which was going to cause him not to be able to employ people,Claim,"(7337, 7397)",Support
There are some programs that are underfunded,Premise,"(18596, 18640)","an across-the-board spending freeze is a hatchet, and we do need a scalpel",Claim,"(18464, 18538)",Support
what they deserve over the next four weeks is that we talk about what's most pressing to them: the economic crisis,Claim,"(28502, 28616)",I think the American people are less interested in our hurt feelings during the course of the campaign than addressing the issues that matter to them so deeply,Claim,"(27741, 27900)",Support
I agree with that,Premise,"(42956, 42973)",I think it's very commendable the work she's done on behalf of special needs,Claim,"(42878, 42954)",Support
I'll keep your taxes low,Claim,"(7623, 7647)",I'll not only help you buy that business that you worked your whole life for,Claim,"(7527, 7603)",Support
I want to make sure that we are focused on those programs that work,Claim,"(18646, 18713)","an across-the-board spending freeze is a hatchet, and we do need a scalpel",Claim,"(18464, 18538)",Support
I would love to see the next three weeks devoted to talking about the economy,Premise,"(28774, 28851)",that is something that I would welcome,Premise,"(29001, 29039)",Support
if we're going to get serious in terms of research,Premise,"(43096, 43146)","I do want to just point out that autism, for example, or other special needs will require some additional funding",Claim,"(42981, 43094)",Support
I will not stand for a tax increase on small business income,Claim,"(7753, 7813)",I'll keep your taxes low,Claim,"(7623, 7647)",Support
Senator McCain talks a lot about earmarks,Premise,"(18720, 18761)",That's one of the centerpieces of his campaign,Claim,"(18763, 18809)",Support
devoted to talking about health care,Premise,"(28853, 28889)",that is something that I would welcome,Premise,"(29001, 29039)",Support
That is something that every family that advocates on behalf of disabled children talk about,Premise,"(43148, 43240)","I do want to just point out that autism, for example, or other special needs will require some additional funding",Claim,"(42981, 43094)",Support
I'll provide available and affordable health care for you and your employees,Claim,"(7652, 7728)",I'll not only help you buy that business that you worked your whole life for,Claim,"(7527, 7603)",Support
There's no doubt that the system needs reform and there are a lot of screwy things that we end up spending money on,Premise,"(18873, 18988)",they need to be eliminated,Claim,"(18994, 19020)",Support
devoted to talking about energy,Premise,"(28891, 28922)",that is something that I would welcome,Premise,"(29001, 29039)",Support
"if we have an across-the-board spending freeze, we're not going to be able to do it",Claim,"(43246, 43329)","That's an example of, I think, the kind of use of the scalpel that we want to make sure that we're funding some of those programs",Claim,"(43331, 43460)",Support
That's 16 million jobs in America,Premise,"(7890, 7923)",Fifty percent of small business income taxes are paid by small businesses,Premise,"(7815, 7888)",Support
Earmarks account for 0.5 percent of the total federal budget,Premise,"(18811, 18871)",it's not going to solve the problem,Claim,"(19026, 19061)",Support
figuring out how the American people can send their kids to college,Premise,"(28928, 28995)",that is something that I would welcome,Premise,"(29001, 29039)",Support
"I do want to just point out that autism, for example, or other special needs will require some additional funding",Claim,"(42981, 43094)","That's an example of, I think, the kind of use of the scalpel that we want to make sure that we're funding some of those programs",Claim,"(43331, 43460)",Support
Fifty percent of small business income taxes are paid by small businesses,Premise,"(7815, 7888)",I will not stand for a tax increase on small business income,Claim,"(7753, 7813)",Support
"When President Bush came into office, we had a budget surplus and the national debt was a little over $5 trillion",Premise,"(19198, 19311)",pursuing the same kinds of policies that we pursued over the last eight years is not going to bring down the deficit,Claim,"(19494, 19610)",Support
any objective observer has said it's not true,Premise,"(29435, 29480)",I don't,Claim,"(11930, 11937)",Support
"I do point out that he's been wrong on many foreign policy and national security issues, which is supposed to be his strength",Claim,"(43580, 43705)",It's not just that he has some of the best foreign policy credentials of anybody,Premise,"(39401, 39481)",Attack
You were going to put him in a higher tax bracket which was going to increase his taxes,Claim,"(7248, 7335)",what you want to do to Joe the plumber and millions more like him is have their taxes increased and not be able to realize the American dream of owning their own business,Claim,"(7929, 8099)",Support
It has doubled over the last eight years,Premise,"(19313, 19353)",pursuing the same kinds of policies that we pursued over the last eight years is not going to bring down the deficit,Claim,"(19494, 19610)",Support
ever other ad was an attack ad on my health care plan,Premise,"(29376, 29429)","if you look at the record and the impressions of the American people -- Bob, your network just did a poll, showing that two-thirds of the American people think that Senator McCain is running a negative campaign versus one-third of mine",Premise,"(27363, 27598)",Attack
He voted against the first Gulf War,Premise,"(43707, 43742)","I do point out that he's been wrong on many foreign policy and national security issues, which is supposed to be his strength",Claim,"(43580, 43705)",Support
"we both want to cut taxes, the difference is who we want to cut taxes for",Premise,"(8355, 8428)",I think tax policy is a major difference between Senator McCain and myself,Claim,"(8275, 8349)",Support
we are now looking at a deficit of well over half a trillion dollars,Premise,"(19366, 19434)",pursuing the same kinds of policies that we pursued over the last eight years is not going to bring down the deficit,Claim,"(19494, 19610)",Support
You're running ads right now that say that I oppose federal funding for stem cell research,Premise,"(29482, 29572)","Senator Obama is spending unprecedented -- unprecedented in the history of American politics, going back to the beginning, amounts of money in negative attack ads on me",Claim,"(29677, 29845)",Support
"He voted against it and, obviously, we had to take Saddam Hussein out of Kuwait or it would've threatened the Middle Eastern world supply",Premise,"(43744, 43881)",He voted against the first Gulf War,Premise,"(43707, 43742)",Support
"Senator McCain, the centerpiece of his economic proposal is to provide $200 billion in additional tax breaks to some of the wealthiest corporations in America",Claim,"(8435, 8593)",I think tax policy is a major difference between Senator McCain and myself,Claim,"(8275, 8349)",Support
I am not President Bush,Premise,"(20020, 20043)",I'm going to give a new direction to this economy in this country,Claim,"(20126, 20191)",Support
You're running ads that misportray completely my position on immigration,Premise,"(29583, 29655)","Senator Obama is spending unprecedented -- unprecedented in the history of American politics, going back to the beginning, amounts of money in negative attack ads on me",Claim,"(29677, 29845)",Support
"We're seeing Iraq united as Iraqis, tough, hard, but we're seeing them",Premise,"(43962, 44032)","I do point out that he's been wrong on many foreign policy and national security issues, which is supposed to be his strength",Claim,"(43580, 43705)",Support
"Exxon Mobil, and other oil companies, for example, would get an additional $4 billion in tax breaks",Premise,"(8595, 8694)","Senator McCain, the centerpiece of his economic proposal is to provide $200 billion in additional tax breaks to some of the wealthiest corporations in America",Claim,"(8435, 8593)",Support
Sure I do,Claim,"(19924, 19933)",I'm going to give a new direction to this economy in this country,Claim,"(20126, 20191)",Support
ever other ad was an attack ad on my health care plan,Premise,"(29376, 29429)","Senator Obama is spending unprecedented -- unprecedented in the history of American politics, going back to the beginning, amounts of money in negative attack ads on me",Claim,"(29677, 29845)",Support
"In Iraq, he had this cockamamie idea about dividing Iraq into three countries",Premise,"(43883, 43960)","I do point out that he's been wrong on many foreign policy and national security issues, which is supposed to be his strength",Claim,"(43580, 43705)",Support
"I want to provide a tax cut for 95 percent of working Americans, 95 percent",Claim,"(8714, 8789)",I think tax policy is a major difference between Senator McCain and myself,Claim,"(8275, 8349)",Support
they have to balance their budgets,Claim,"(20608, 20642)",they have to,Claim,"(20586, 20598)",Support
I'm going to let him keep his wealth,Premise,"(30014, 30050)",I've talked to people like Joe the plumber and tell him that I'm not going to spread his wealth around,Premise,"(29910, 30012)",Support
"There are several issues in which, frankly, Joe Biden and I openly and honestly disagreed on national security policy",Premise,"(44111, 44228)",he's been wrong on a number of the major ones,Claim,"(44234, 44279)",Support
"if you make less than a quarter million dollars a year, then you will not see your income tax go up, your capital gains tax go up, your payroll tax",Claim,"(8811, 8958)","I want to provide a tax cut for 95 percent of working Americans, 95 percent",Claim,"(8714, 8789)",Support
They're doing it all over America,Premise,"(20544, 20577)",It's completely out of control,Premise,"(20404, 20434)",Support
we're talking about positive plan of action to restore this economy and restore jobs in America,Claim,"(30067, 30162)",I've been talking about the economy,Claim,"(29862, 29897)",Support
We're now about to have an agreement for status of forces in Iraq coming up,Premise,"(44034, 44109)",he's been wrong on a number of the major ones,Claim,"(44234, 44279)",Support
Not one dime,Claim,"(8960, 8972)","if you make less than a quarter million dollars a year, then you will not see your income tax go up, your capital gains tax go up, your payroll tax",Claim,"(8811, 8958)",Support
"The mayor of New York, Mayor Bloomberg, just imposed an across- the-board spending freeze on New York City",Premise,"(20436, 20542)",It's completely out of control,Premise,"(20404, 20434)",Support
I've talked to people like Joe the plumber and tell him that I'm not going to spread his wealth around,Premise,"(29910, 30012)",we're talking about positive plan of action to restore this economy and restore jobs in America,Claim,"(30067, 30162)",Support
he's been wrong on a number of the major ones,Claim,"(44234, 44279)","I do point out that he's been wrong on many foreign policy and national security issues, which is supposed to be his strength",Claim,"(43580, 43705)",Support
independent studies have looked at our respective plans and have concluded that I provide three times the amount of tax relief to middle-class families than Senator McCain does,Premise,"(9068, 9244)","95 percent of working families, 95 percent of you out there, will get a tax cut",Claim,"(8978, 9057)",Support
He voted for the energy bill that was full of goodies for the oil companies that I opposed,Premise,"(21191, 21281)","the fact is, let's look at our records, Senator Obama",Claim,"(21286, 21339)",Support
I've been talking about the economy,Claim,"(29862, 29897)",That's what my campaign is all about and that's what it'll continue to be all about,Claim,"(30164, 30247)",Support
wants to raise people's taxes in a time of incredible challenge and difficulty and heartache for the American families,Premise,"(44646, 44764)",Maybe that's why he's asked for 860 -- sought and proposed $860 billion worth of new spending,Claim,"(44548, 44641)",Support
"the conversation I had with Joe the plumber, what I essentially said to him was, ""Five years ago, when you were in a position to buy your business, you needed a tax cut then.""",Premise,"(9258, 9433)",what you want to do to Joe the plumber and millions more like him is have their taxes increased and not be able to realize the American dream of owning their own business,Claim,"(7929, 8099)",Attack
He voted for the last two budgets that had that $24 billion more in spending than the budget that the Bush administration proposed,Premise,"(21059, 21189)","the fact is, let's look at our records, Senator Obama",Claim,"(21286, 21339)",Support
"if we want to talk about Congressman Lewis, who is an American hero, he, unprompted by my campaign, without my campaign's awareness, made a statement that he was troubled with what he was hearing at some of the rallies that your running mate was holding, in which all the Republican reports indicated were shouting, when my name came up, things like ""terrorist"" and ""kill him,""",Premise,"(30328, 30705)",I think Congressman Lewis' point was that we have to be careful about how we deal with our supporters,Premise,"(30827, 30928)",Support
"when Senator Obama said he would unilaterally renegotiate the North American Free Trade Agreement, the Canadians said, ""Yes, and we'll sell our oil to China.""",Premise,"(45581, 45739)",You don't tell countries you're going to unilaterally renegotiate agreements with them,Claim,"(45740, 45826)",Support
"what I want to do is to make sure that the plumber, the nurse, the firefighter, the teacher, the young entrepreneur who doesn't yet have money, I want to give them a tax break now",Claim,"(9438, 9617)",that requires us to make some important choices,Claim,"(9623, 9670)",Support
Let's look at it as graded by the National Taxpayers Union and the Citizens Against Government Waste and the other watchdog organizations,Claim,"(21341, 21478)","the fact is, let's look at our records, Senator Obama",Claim,"(21286, 21339)",Support
"you're running mate didn't mention, didn't stop, didn't say ""Hold on a second, that's kind of out of line.""",Premise,"(30715, 30822)",I think Congressman Lewis' point was that we have to be careful about how we deal with our supporters,Premise,"(30827, 30928)",Support
"We can eliminate our dependence on foreign oil by building 45 new nuclear plants, power plants, right away",Premise,"(45828, 45934)","I believe we can, for all intents and purposes, eliminate our dependence on Middle Eastern oil and Venezuelan oil",Claim,"(45432, 45545)",Support
they are the drivers of the economy,Premise,"(9849, 9884)",I also want to give them additional tax breaks,Claim,"(9793, 9839)",Support
I have fought against spending,Claim,"(21480, 21510)","the fact is, let's look at our records, Senator Obama",Claim,"(21286, 21339)",Support
"afterwards, Congressman Lewis put out a similar statement, saying that he had probably gone over the line",Premise,"(31396, 31501)",we immediately put out a statement saying that we don't think that comparison is appropriate,Premise,"(31288, 31380)",Support
We can store and we can reprocess,Premise,"(45936, 45969)","I believe we can, for all intents and purposes, eliminate our dependence on Middle Eastern oil and Venezuelan oil",Claim,"(45432, 45545)",Support
They produce the most jobs,Premise,"(9886, 9912)",they are the drivers of the economy,Premise,"(9849, 9884)",Support
I have fought against special interests,Claim,"(21512, 21551)","the fact is, let's look at our records, Senator Obama",Claim,"(21286, 21339)",Support
what they want is the ability to just focus on some really big challenges that we face right now,Claim,"(31666, 31762)","the American people have become so cynical about our politics, because all they see is a tit- for-tat and back-and-forth",Claim,"(31540, 31660)",Support
we've sailed Navy ships around the world for 60 years with nuclear power plants on them,Premise,"(46072, 46159)","We can store and reprocess spent nuclear fuel, Senator Obama, no problem",Claim,"(46161, 46233)",Support
"In other words, we're going to take Joe's money, give it to Senator Obama, and let him spread the wealth around",Premise,"(10038, 10149)",when Senator Obama ended up his conversation with Joe the plumber -- we need to spread the wealth around,Premise,"(9932, 10036)",Support
I have fought for reform,Claim,"(21553, 21577)","the fact is, let's look at our records, Senator Obama",Claim,"(21286, 21339)",Support
"the American people have become so cynical about our politics, because all they see is a tit- for-tat and back-and-forth",Claim,"(31540, 31660)",that's what I have been trying to focus on this entire campaign,Claim,"(31768, 31831)",Support
"with nuclear power, with wind, tide, solar, natural gas, with development of flex fuel, hybrid, clean coal technology, clean coal technology is key in the heartland of America that's hurting rather badly",Claim,"(46251, 46454)","I think we can easily, within seven, eight, ten years, if we put our minds to it, we can eliminate our dependence on the places in the world that harm our national security if we don't achieve our independence",Claim,"(46459, 46668)",Support
You told him you wanted to spread the wealth around,Premise,"(10204, 10255)","The whole premise behind Senator Obama's plans are class warfare, let's spread the wealth around",Claim,"(10257, 10353)",Support
I support clean coal technology,Premise,"(22200, 22231)",I've got a history of reaching across the aisle,Claim,"(22284, 22331)",Support
You know that,Premise,"(32480, 32493)","Whenever you get a large rally of 10,000, 15,000, 20,000 people, you're going to have some fringe peoples",Premise,"(32373, 32478)",Support
I think that's about a realistic timeframe,Claim,"(46924, 46966)","I think that in ten years, we can reduce our dependence so that we no longer have to import oil from the Middle East or Venezuela",Claim,"(46793, 46922)",Support
"these small business people, like Joe the plumber, are going to create jobs",Premise,"(10656, 10731)",We're not going to do that in my administration,Claim,"(10847, 10894)",Support
I support charter schools and pay for performance for teachers,Premise,"(22087, 22149)",I've got a history of reaching across the aisle,Claim,"(22284, 22331)",Support
I'm proud of the people that come to our rallies,Claim,"(32323, 32371)","I'm not going to stand for people saying that the people that come to my rallies are anything but the most dedicated, patriotic men and women that are in this nation and they're great citizens",Claim,"(32793, 32985)",Support
It's mortgaging our children's future,Premise,"(47221, 47258)",nothing is more important than us no longer borrowing $700 billion or more from China and sending it to Saudi Arabia,Claim,"(47103, 47219)",Support
"ordinary families who are hurting out there -- they're trying to figure out how they're going to afford food, how they're going to save for their kids' college education",Premise,"(11448, 11617)",they need a break,Claim,"(11619, 11636)",Support
"in terms of standing up to the leaders of my party, the first major bill that I voted on in the Senate was in support of tort reform, which wasn't very popular with trial lawyers, a major constituency in the Democratic Party",Premise,"(21811, 22035)",I've got a history of reaching across the aisle,Claim,"(22284, 22331)",Support
"somehow say that group of young women who said ""Military wives for McCain"" are somehow saying anything derogatory about you, but anything",Premise,"(32565, 32702)","I'm not going to stand for people saying that the people that come to my rallies are anything but the most dedicated, patriotic men and women that are in this nation and they're great citizens",Claim,"(32793, 32985)",Support
nothing is more important than us no longer borrowing $700 billion or more from China and sending it to Saudi Arabia,Claim,"(47103, 47219)",this is the most important issue that our future economy is going to face,Claim,"(46972, 47045)",Support
"I would prefer that none of us had to pay taxes, including myself",Claim,"(11668, 11733)",nobody likes taxes,Claim,"(11648, 11666)",Support
I've got a history of reaching across the aisle,Claim,"(22284, 22331)",You have to tell me one time when you have stood up with the leaders of your party on one single major issue,Claim,"(21579, 21687)",Attack
"there's a lot of things that have been yelled at your rallies, Senator Obama, that I'm not happy about either",Premise,"(33086, 33195)",I'm not going to stand for somebody saying that because someone yelled something at a rally,Claim,"(32991, 33082)",Support
"that means, for example, telling the oil companies the 68 million acres that they currently have leased that they're not drilling, use them or lose them",Premise,"(47444, 47596)",we do need to expand domestic production,Claim,"(47399, 47439)",Support
they need a break,Claim,"(11619, 11636)",I want to cut taxes for 95 percent of Americans,Claim,"(10945, 10992)",Support
"Even FOX News disputes it, and that doesn't happen very often when it comes to accusations about me",Premise,"(22566, 22665)","the notion that I voted for a tax increase for people making $42,000 a year has been disputed by everybody who has looked at this claim that Senator McCain keeps on making",Premise,"(22393, 22564)",Support
I'm not going to stand for somebody saying that because someone yelled something at a rally,Claim,"(32991, 33082)","you're running mate didn't mention, didn't stop, didn't say ""Hold on a second, that's kind of out of line.""",Premise,"(30715, 30822)",Attack
"from the start of this campaign, I've identified this as one of my top priorities",Premise,"(47265, 47346)",nothing is more important than us no longer borrowing $700 billion or more from China and sending it to Saudi Arabia,Claim,"(47103, 47219)",Support
Our tax rate for business in America is 35 percent,Premise,"(12083, 12133)",businesses in America today are paying the second highest tax rate of anywhere in the world,Claim,"(11990, 12081)",Support
"the notion that I voted for a tax increase for people making $42,000 a year has been disputed by everybody who has looked at this claim that Senator McCain keeps on making",Premise,"(22393, 22564)","He voted twice for a budget resolution that increases the taxes on individuals making $42,000 a year",Premise,"(20239, 20339)",Attack
we've always said that that's not appropriate,Premise,"(32511, 32556)","I have repudiated every time someone's been out of line, whether they've been part of my campaign or not",Premise,"(33318, 33422)",Support
we only have three to four percent of the world's oil reserves and we use 25 percent of the world's oil,Premise,"(47736, 47839)",we can't drill our way out of the problem,Claim,"(47858, 47899)",Support
"Ireland, it's 11 percent",Premise,"(12135, 12159)",businesses in America today are paying the second highest tax rate of anywhere in the world,Claim,"(11990, 12081)",Support
"on the core economic issues that matter to the American people, on tax policy, on energy policy, on spending priorities, you have been a vigorous supporter of President Bush",Premise,"(22788, 22961)",I occasionally have mistaken your policies for George Bush's policies,Claim,"(22704, 22773)",Support
"I have repudiated every time someone's been out of line, whether they've been part of my campaign or not",Premise,"(33318, 33422)",I will continue to do that,Claim,"(33428, 33454)",Support
we can't drill our way out of the problem,Claim,"(47858, 47899)","I've focused on putting resources into solar, wind, biodiesel, geothermal",Claim,"(47912, 47985)",Support
businesses in America today are paying the second highest tax rate of anywhere in the world,Claim,"(11990, 12081)",We need to cut the business tax rate in America,Claim,"(12260, 12307)",Support
"you've shown independence -- commendable independence, on some key issues like torture, for example",Premise,"(22968, 23067)",I give you enormous credit for that,Premise,"(23073, 23108)",Support
"if we're going to solve two wars, the worst financial crisis since the Great Depression",Premise,"(33924, 34011)",What I think is most important is that we recognize that to solve the key problems that we're facing,Claim,"(33822, 33922)",Support
These have been priorities of mine since I got to the Senate,Premise,"(47987, 48047)","I've focused on putting resources into solar, wind, biodiesel, geothermal",Claim,"(47912, 47985)",Support
We need to encourage business,Claim,"(12309, 12338)",We need to cut the business tax rate in America,Claim,"(12260, 12307)",Support
I think the American people understand it hasn't worked,Claim,"(23249, 23304)",it hasn't worked,Claim,"(23227, 23243)",Support
if we're going to focus on lifting wages that have declined over the last eight years and create jobs here in America,Premise,"(34026, 34143)",What I think is most important is that we recognize that to solve the key problems that we're facing,Claim,"(33822, 33922)",Support
the fact that we have fallen so far behind is something that we have to work on,Claim,"(48253, 48332)","it is absolutely critical that we develop a high fuel efficient car that's built not in Japan and not in South Korea, but built here in the United States of America",Claim,"(48053, 48217)",Support
"We need to encourage business, create jobs, not spread the wealth around",Claim,"(12401, 12473)",we need to cut people's taxes,Claim,"(12370, 12399)",Support
it hasn't worked,Claim,"(23227, 23243)",We need to move in a new direction,Claim,"(23306, 23340)",Support
"we can have tough, vigorous debates around issues",Claim,"(34347, 34396)",what is important is making sure that we disagree without being disagreeable,Claim,"(34251, 34327)",Support
We invented the auto industry,Premise,"(48219, 48248)","it is absolutely critical that we develop a high fuel efficient car that's built not in Japan and not in South Korea, but built here in the United States of America",Claim,"(48053, 48217)",Support
I have disagreed with the Bush administration,Claim,"(23466, 23511)","on the core economic issues that matter to the American people, on tax policy, on energy policy, on spending priorities, you have been a vigorous supporter of President Bush",Premise,"(22788, 22961)",Attack
"who is now on the verge of maybe perpetrating one of the greatest frauds in voter history in this country, maybe destroying the fabric of democracy",Premise,"(34933, 35080)",We need to know the full extent of Senator Obama's relationship with ACORN,Claim,"(34857, 34931)",Support
NAFTA doesn't have -- did not have enforceable labor agreements and environmental agreements,Premise,"(48717, 48809)","I also believe that for far too long, certainly during the course of the Bush administration with the support of Senator McCain, the attitude has been that any trade agreement is a good trade agreement",Claim,"(48510, 48711)",Support
I have disagreed with leaders of my own party,Claim,"(23513, 23558)",I have disagreed with the Bush administration,Claim,"(23466, 23511)",Support
"The same front outfit organization that your campaign gave $832,000 for ""lighting and site selection.""",Premise,"(35082, 35184)",We need to know the full extent of Senator Obama's relationship with ACORN,Claim,"(34857, 34931)",Support
"when it comes to South Korea, we've got a trade agreement up right now, they are sending hundreds of thousands of South Korean cars into the United States",Premise,"(49039, 49193)",That is not free trade,Claim,"(49261, 49283)",Support
I've got the scars to prove it,Claim,"(23560, 23590)",I have disagreed with leaders of my own party,Claim,"(23513, 23558)",Support
We need to know the full extent of Senator Obama's relationship with ACORN,Claim,"(34857, 34931)","all of these things need to be examined, of course",Claim,"(35188, 35238)",Support
"We can only get 4,000 to 5,000 into South Korea",Premise,"(49212, 49259)",That is not free trade,Claim,"(49261, 49283)",Support
bringing climate change to the floor of the Senate for the first time,Premise,"(23606, 23675)",I've got the scars to prove it,Claim,"(23560, 23590)",Support
"as Senator Clinton said in her debates with you, we need to know the full extent of that relationship",Premise,"(34754, 34855)","all of these things need to be examined, of course",Claim,"(35188, 35238)",Support
we show the world that we have a supply of our own,Premise,"(49739, 49789)",We will reduce the cost of a barrel of oil,Claim,"(49688, 49730)",Support
opposition to spending and earmarks,Premise,"(23691, 23726)",I've got the scars to prove it,Claim,"(23560, 23590)",Support
Bill Ayers is a professor of education in Chicago,Premise,"(35682, 35731)",let's get the record straight,Premise,"(35651, 35680)",Support
We will reduce the cost of a barrel of oil,Claim,"(49688, 49730)",We've got to do it now,Claim,"(49664, 49686)",Support
the issue of torture,Premise,"(23742, 23762)",I've got the scars to prove it,Claim,"(23560, 23590)",Support
"Forty years ago, when I was 8 years old, he engaged in despicable acts with a radical domestic group",Premise,"(35733, 35833)",let's get the record straight,Premise,"(35651, 35680)",Support
It's doable,Claim,"(49791, 49802)",We've got to do it now,Claim,"(49664, 49686)",Support
"fighting the pharmaceutical companies on Medicare prescription drugs, importation",Premise,"(23855, 23936)",I have a long record of reform and fighting through on the floor of the United States Senate,Claim,"(24054, 24146)",Support
I have roundly condemned those acts,Premise,"(35835, 35870)",let's get the record straight,Premise,"(35651, 35680)",Support
The technology is there,Premise,"(49804, 49827)",It's doable,Claim,"(49791, 49802)",Support
fighting for an HMO patient's bill of rights,Premise,"(23952, 23996)",I have a long record of reform and fighting through on the floor of the United States Senate,Claim,"(24054, 24146)",Support
He has never been involved in this campaign,Claim,"(36295, 36338)",Mr. Ayers is not involved in my campaign,Claim,"(36253, 36293)",Support
We can offshore drill now,Premise,"(49637, 49662)",We've got to do it now,Claim,"(49664, 49686)",Support
the establishment of the 9/11 Commission,Premise,"(24012, 24052)",I have a long record of reform and fighting through on the floor of the United States Senate,Claim,"(24054, 24146)",Support
"Ten years ago he served and I served on a school reform board that was funded by one of Ronald Reagan's former ambassadors and close friends, Mr. Annenberg",Premise,"(35872, 36027)",let's get the record straight,Premise,"(35651, 35680)",Support
We've got to have a president who is going to be advocating on behalf of American businesses and American workers,Claim,"(49285, 49398)",I make no apology for that,Claim,"(49403, 49429)",Support
Mr. Ayers is not involved in my campaign,Claim,"(36253, 36293)",that's Mr. Ayers,Claim,"(36389, 36405)",Support
we should enforce rules against China manipulating its currency to make our exports more expensive and their exports to us cheaper,Claim,"(48903, 49033)",We've got to have a president who is going to be advocating on behalf of American businesses and American workers,Claim,"(49285, 49398)",Support
he will not advise me in the White House,Claim,"(36344, 36384)",that's Mr. Ayers,Claim,"(36389, 36405)",Support
we should include those and make them enforceable,Claim,"(48831, 48880)",We've got to have a president who is going to be advocating on behalf of American businesses and American workers,Claim,"(49285, 49398)",Support
let's get the record straight,Premise,"(35651, 35680)",that's Mr. Ayers,Claim,"(36389, 36405)",Support
"I also believe that for far too long, certainly during the course of the Bush administration with the support of Senator McCain, the attitude has been that any trade agreement is a good trade agreement",Claim,"(48510, 48711)",We've got to have a president who is going to be advocating on behalf of American businesses and American workers,Claim,"(49285, 49398)",Support
"Other members on that board were the presidents of the University of Illinois, the president of Northwestern University, who happens to be a Republican, the president of The Chicago Tribune, a Republican- leaning newspaper",Premise,"(36029, 36251)",let's get the record straight,Premise,"(35651, 35680)",Support
"He said, we will look at offshore drilling",Premise,"(49566, 49608)",you really have to pay attention to words,Claim,"(49523, 49564)",Support
Mr. Ayers has become the centerpiece of Senator McCain's campaign over the last two or three weeks,Claim,"(35513, 35611)",This has been their primary focus,Claim,"(35613, 35646)",Support
Did you get that? Look at,Premise,"(49610, 49635)",you really have to pay attention to words,Claim,"(49523, 49564)",Support
"Apparently what they've done is they were paying people to go out and register folks, and apparently some of the people who were out there didn't really register people, they just filled out a bunch of names",Premise,"(36470, 36677)",ACORN is a community organization,Premise,"(36435, 36468)",Support
"Senator Obama, who has never traveled south of our border, opposes the Colombia Free Trade Agreement",Premise,"(50525, 50625)",let me give you another example of a free trade agreement that Senator Obama opposes,Premise,"(50052, 50136)",Support
It had nothing to do with us,Claim,"(36679, 36707)",We were not involved,Claim,"(36709, 36729)",Support
"Right now, because of previous agreements, some made by President Clinton, the goods and products that we send to Colombia, which is our largest agricultural importer of our products, is -- there's a billion dollars that we -- our businesses have paid so far in order to get our goods in there",Premise,"(50138, 50431)","Senator Obama, who has never traveled south of our border, opposes the Colombia Free Trade Agreement",Premise,"(50525, 50625)",Support
The only involvement I've had with ACORN was I represented them alongside the U.S. Justice Department in making Illinois implement a motor voter law that helped people get registered at DMVs,Premise,"(36731, 36921)",We were not involved,Claim,"(36709, 36729)",Support
"Because of previous agreements, their goods and products come into our country for free",Premise,"(50433, 50520)","Senator Obama, who has never traveled south of our border, opposes the Colombia Free Trade Agreement",Premise,"(50525, 50625)",Support
the allegation that Senator McCain has continually made is that somehow my associations are troubling,Premise,"(37006, 37107)",I think that it's important to just get these facts out,Claim,"(36939, 36994)",Support
they will be a market for our goods and products without having to pay -- without us having to pay the billions of dollars -- the billion dollars and more that we've already paid,Premise,"(50843, 51021)",that will help us create jobs in America,Claim,"(50794, 50834)",Support
"On economic policy, I associate with Warren Buffett and former Fed Chairman Paul Volcker",Claim,"(37147, 37235)","Those are the people, Democrats and Republicans, who have shaped my ideas and who will be surrounding me in the White House",Claim,"(37501, 37624)",Support
that will help us create jobs in America,Claim,"(50794, 50834)",Free trade with Colombia is something that's a no-brainer,Claim,"(51023, 51080)",Support
"If I'm interested in figuring out my foreign policy, I associate myself with my running mate, Joe Biden or with Dick Lugar, the Republican ranking member on the Senate Foreign Relations Committee, or General Jim Jones, the former supreme allied commander of NATO",Claim,"(37237, 37499)","Those are the people, Democrats and Republicans, who have shaped my ideas and who will be surrounding me in the White House",Claim,"(37501, 37624)",Support
The same country that's helping us try to stop the flow of drugs into our country that's killing young Americans,Premise,"(50627, 50739)",Free trade with Colombia is something that's a no-brainer,Claim,"(51023, 51080)",Support
This has been their primary focus,Claim,"(35613, 35646)","I think the fact that this has become such an important part of your campaign, Senator McCain, says more about your campaign than it says about me",Claim,"(37630, 37776)",Support
the country that just freed three Americans,Premise,"(50750, 50793)",Free trade with Colombia is something that's a no-brainer,Claim,"(51023, 51080)",Support
We were not involved,Claim,"(36709, 36729)",We need to know the full extent of Senator Obama's relationship with ACORN,Claim,"(34857, 34931)",Attack
maybe you could understand it a lot better,Premise,"(51142, 51184)",you ought to travel down there and visit them,Claim,"(51092, 51137)",Support
"while you were on the board of the Woods Foundation, you and Mr. Ayers, together, you sent $230,000 to ACORN",Claim,"(37799, 37907)",The only involvement I've had with ACORN was I represented them alongside the U.S. Justice Department in making Illinois implement a motor voter law that helped people get registered at DMVs,Premise,"(36731, 36921)",Attack
I understand it pretty well,Claim,"(51219, 51246)",maybe you could understand it a lot better,Premise,"(51142, 51184)",Attack
That's absolutely not true,Claim,"(37990, 38016)",you launched your political campaign in Mr. Ayers' living room,Claim,"(37919, 37981)",Attack
we have to make sure that violence isn't being perpetrated against workers who are just trying to organize for their rights,Claim,"(51572, 51695)",we have to stand for human rights,Claim,"(51534, 51567)",Support
that's not the facts,Claim,"(38086, 38106)",That's absolutely not true,Claim,"(37990, 38016)",Support
The history in Colombia right now is that labor leaders have been targeted for assassination on a fairly consistent basis and there have not been prosecutions,Premise,"(51248, 51406)",we have to stand for human rights,Claim,"(51534, 51567)",Support
"it's not the fact that Senator Obama chooses to associate with a guy who in 2001 said that he wished he had have bombed more, and he had a long association with him",Premise,"(38141, 38305)",all of the details need to be known about Senator Obama's relationship with them and with ACORN,Claim,"(38337, 38432)",Support
we have to stand for human rights,Claim,"(51534, 51567)",I understand it pretty well,Claim,"(51219, 51246)",Support
my campaign is about getting this economy back on track,Claim,"(38483, 38538)",that's what my campaign is about,Claim,"(38602, 38634)",Support
because of high gas prices,Premise,"(52201, 52227)",They were already having a tough time,Claim,"(52163, 52200)",Support
about creating jobs,Claim,"(38540, 38559)",that's what my campaign is about,Claim,"(38602, 38634)",Support
"now with the financial crisis, car dealerships are closing and people can't get car loans",Premise,"(52233, 52322)","the automakers, they are obviously getting hammered right now",Premise,"(52100, 52161)",Support
about a brighter future for America,Claim,"(38561, 38596)",that's what my campaign is about,Claim,"(38602, 38634)",Support
Detroit had dragged its feet too long in terms of getting that done,Premise,"(52524, 52591)",we do have to hold them responsible,Claim,"(52411, 52446)",Support
that's what my campaign is about,Claim,"(38602, 38634)",that's really what this campaign is going to be about,Claim,"(38735, 38788)",Support
transportation accounts for about 30 percent of our total energy consumption,Premise,"(52647, 52723)",It's going to be one of my highest priorities,Claim,"(52593, 52638)",Support
I'm not going to raise taxes the way Senator Obama wants to raise taxes in a tough economy,Claim,"(38639, 38729)",that's really what this campaign is going to be about,Claim,"(38735, 38788)",Support
"If we can get that right, then we can move in a direction not only of energy independence",Claim,"(52725, 52814)",It's going to be one of my highest priorities,Claim,"(52593, 52638)",Support
the facts are facts and records are records,Claim,"(38030, 38073)",That's absolutely not true,Claim,"(37990, 38016)",Attack
"we can create 5 million new jobs all across America, including in the heartland",Claim,"(52820, 52899)",It's going to be one of my highest priorities,Claim,"(52593, 52638)",Support
They were already having a tough time,Claim,"(52163, 52200)",I think it's important for us to get loan guarantees to the automakers,Claim,"(52335, 52405)",Support
"the automakers, they are obviously getting hammered right now",Premise,"(52100, 52161)",I think it's important for us to get loan guarantees to the automakers,Claim,"(52335, 52405)",Support
"where we can retool some of these plants to make these highly fuel-efficient cars and also to make wind turbines and solar panels, the kinds of clean energy approaches that should be the driver of our economy for the next century",Premise,"(52900, 53129)","we can create 5 million new jobs all across America, including in the heartland",Claim,"(52820, 52899)",Support
"a billion dollars of American dollars that could have gone to creating jobs and businesses in the United States, opening up those markets",Premise,"(53527, 53664)","Free trade between ourselves and Colombia, I just recited to you the benefits of concluding that agreement",Premise,"(53419, 53525)",Support
"Senator Obama doesn't want a free trade agreement with our best ally in the region but wants to sit down across the table without precondition to -- with Hugo Chavez, the guy who has been helping FARC, the terrorist organization",Premise,"(53189, 53417)",I don't think there's any doubt that Senator Obama wants to restrict trade and he wants to raise taxes,Claim,"(53680, 53782)",Support
"Free trade between ourselves and Colombia, I just recited to you the benefits of concluding that agreement",Premise,"(53419, 53525)",I don't think there's any doubt that Senator Obama wants to restrict trade and he wants to raise taxes,Claim,"(53680, 53782)",Support
we went from a deep recession into a depression,Premise,"(53868, 53915)",the last president of the United States that tried that was Herbert Hoover,Premise,"(53788, 53862)",Support
the last president of the United States that tried that was Herbert Hoover,Premise,"(53788, 53862)",We're not going to follow that path while I'm -- when I'm president of the United States,Claim,"(53917, 54005)",Support
